Career_id,companies_worked,salary_hike_per,stock_option,working_years,training_lastyear,years_company,years_curr_role,years_last_promotion,years_curr_manager
1,8,11,0,8,0,6,4,0,5
2,1,23,1,10,3,10,7,1,7
3,6,15,0,7,3,0,0,0,0
4,1,11,0,8,3,8,7,3,0
5,9,12,1,6,3,2,2,2,2
6,0,13,0,8,2,7,7,3,6
7,4,20,3,12,3,1,0,0,0
8,1,22,1,1,2,1,0,0,0
9,0,21,0,10,2,9,7,1,8
10,6,13,2,17,3,7,7,7,7
11,0,13,1,6,5,5,4,0,3
12,0,12,0,10,3,9,5,0,8
13,1,17,1,5,1,5,2,4,3
14,0,11,1,3,2,2,2,1,2
15,5,14,0,6,4,4,2,0,3
16,1,11,1,10,1,10,9,8,8
17,0,12,2,7,5,6,2,0,5
18,1,13,2,1,2,1,0,0,0
19,2,16,0,31,3,25,8,3,7
20,5,11,0,6,3,3,2,1,2
21,0,18,1,5,5,4,2,1,3
22,7,23,0,10,4,5,3,0,3
23,0,11,0,13,4,12,6,2,11
24,1,14,0,0,6,0,0,0,0
25,2,11,0,8,2,4,2,1,3
26,4,11,1,26,3,14,13,4,8
27,1,22,0,10,5,10,2,6,7
28,0,11,1,10,2,9,7,4,2
29,3,14,1,24,4,22,6,5,17
30,3,12,0,22,2,2,2,2,1
31,4,11,0,7,3,1,1,0,0
32,2,13,0,9,5,4,2,1,3
33,1,13,0,10,5,10,0,1,8
34,3,14,1,19,6,1,0,0,0
35,2,16,1,6,2,2,0,2,0
36,1,12,2,6,3,5,3,1,4
37,1,14,0,3,2,3,2,0,2
38,1,13,0,2,3,2,2,2,2
39,9,14,1,6,3,1,1,0,0
40,2,19,2,10,3,5,3,1,3
41,1,12,1,1,3,1,0,0,0
42,1,13,1,1,6,1,0,0,0
43,1,12,0,1,2,1,0,0,1
44,1,15,0,9,0,9,8,1,7
45,1,23,0,12,2,12,8,3,7
46,1,12,0,23,0,22,15,15,8
47,0,20,0,10,2,9,5,8,7
48,4,21,0,8,1,1,0,0,0
49,4,21,0,14,4,9,6,0,8
50,1,19,0,1,2,1,0,0,1
51,9,13,0,23,2,1,0,0,0
52,1,13,0,2,3,2,2,2,2
53,5,21,1,9,2,4,3,1,3
54,2,13,1,10,3,4,0,2,3
55,7,19,1,5,2,2,2,0,0
56,1,12,0,15,1,15,14,8,12
57,1,22,1,9,3,9,8,1,8
58,3,15,1,4,3,2,2,2,2
59,3,22,1,10,3,7,7,1,7
60,1,18,1,7,2,7,5,0,7
61,1,22,1,9,3,9,8,7,8
62,1,11,0,10,2,10,3,9,9
63,5,12,1,29,2,27,3,13,8
64,7,11,0,28,3,21,16,7,9
65,1,13,3,17,2,17,14,12,8
66,2,14,3,21,2,5,0,0,2
67,1,13,0,6,3,6,5,0,3
68,2,17,1,25,2,1,0,0,0
69,4,13,1,5,2,3,2,1,2
70,0,17,1,2,0,1,0,0,0
71,7,11,0,20,2,4,3,1,3
72,0,23,1,6,3,5,4,0,4
73,1,17,0,1,4,1,1,1,0
74,1,17,2,10,3,10,4,0,9
75,3,12,0,5,3,1,0,0,0
76,1,23,0,11,2,11,7,1,8
77,0,14,0,16,2,15,13,2,8
78,4,14,0,17,3,0,0,0,0
79,4,13,0,16,3,5,2,0,2
80,8,22,1,16,2,4,2,0,2
81,1,12,2,10,1,10,8,3,0
82,1,18,0,6,3,6,4,0,4
83,3,14,1,24,4,1,0,1,0
84,7,12,3,17,3,13,11,1,9
85,1,15,0,5,2,5,2,1,3
86,4,11,0,37,3,6,4,0,2
87,3,13,1,3,3,0,0,0,0
88,3,23,2,10,4,4,2,0,3
89,1,19,3,11,3,11,10,10,8
90,1,16,0,9,3,9,8,4,7
91,1,22,1,22,3,22,3,11,11
92,0,22,0,11,2,10,7,1,0
93,1,12,3,11,4,11,8,2,7
94,2,13,1,21,5,10,9,9,5
95,1,16,0,12,0,11,8,5,7
96,9,12,1,16,5,4,3,0,3
97,0,21,1,4,2,3,2,0,2
98,1,15,0,5,3,5,4,0,4
99,0,13,0,38,1,37,10,1,8
100,4,12,1,17,3,3,2,1,2
101,4,22,0,7,3,3,2,0,2
102,1,13,0,1,2,1,0,0,0
103,1,18,0,1,5,1,0,1,0
104,1,14,0,16,3,16,13,2,10
105,5,14,1,17,2,1,0,0,0
106,9,21,1,30,3,3,2,2,2
107,3,19,0,28,1,8,3,0,7
108,1,11,0,6,1,6,4,0,3
109,1,11,2,2,2,2,2,2,1
110,1,15,0,1,5,0,0,0,0
111,3,20,0,23,1,13,12,12,8
112,1,24,0,9,3,9,7,0,6
113,2,12,0,23,3,5,3,4,4
114,0,12,1,6,2,5,3,1,2
115,6,15,1,12,3,1,0,0,0
116,2,12,0,12,3,5,3,1,3
117,2,12,0,14,6,11,10,5,8
118,0,14,1,10,6,9,7,2,8
119,5,22,1,7,2,1,0,0,0
120,1,12,2,25,3,25,12,4,12
121,1,25,3,10,2,10,7,0,9
122,0,13,1,8,2,7,7,0,7
123,9,18,3,7,2,5,4,4,3
124,7,13,0,23,5,20,18,15,15
125,4,18,0,12,3,7,7,7,7
126,1,19,0,5,3,5,4,4,3
127,1,12,1,40,3,40,10,15,6
128,1,19,0,0,2,0,0,0,0
129,0,14,1,3,2,2,1,2,1
130,1,14,0,16,2,15,11,5,11
131,4,12,0,18,2,3,2,1,2
132,4,11,0,16,3,2,2,2,1
133,3,11,1,4,2,2,2,2,2
134,3,13,1,12,2,9,7,0,7
135,1,23,1,8,3,8,7,5,7
136,6,20,2,7,0,3,2,0,1
137,2,15,0,18,2,4,2,0,3
138,4,14,1,17,1,15,11,5,9
139,2,18,0,6,3,2,2,2,2
140,0,19,0,12,2,11,9,4,7
141,7,22,0,10,2,5,4,0,4
142,5,13,0,9,2,6,5,0,3
143,3,20,0,19,2,3,2,2,2
144,1,14,0,5,4,5,4,0,4
145,0,17,3,9,2,8,7,0,7
146,5,14,1,8,3,3,2,2,2
147,0,13,0,6,3,5,3,1,2
148,4,13,1,21,2,7,6,7,7
149,2,21,1,7,2,5,0,1,4
150,1,14,0,1,3,1,0,0,0
151,1,11,1,20,2,20,7,2,13
152,1,13,2,10,3,10,8,0,6
153,2,20,1,13,3,7,7,4,5
154,8,18,1,20,2,17,9,0,15
155,1,14,0,9,2,9,8,3,7
156,1,13,1,10,1,10,7,0,9
157,2,17,0,10,2,1,0,0,0
158,4,20,1,9,3,1,0,0,0
159,7,11,1,15,2,12,11,2,11
160,6,18,1,6,3,4,3,1,2
161,1,24,2,2,6,2,2,2,2
162,6,18,1,6,1,2,2,2,2
163,1,11,1,5,2,5,2,0,2
164,3,16,1,12,2,5,3,1,4
165,1,15,1,1,2,1,1,0,1
166,3,15,0,21,5,5,4,4,4
167,4,12,1,13,2,9,8,1,8
168,2,12,1,12,2,10,9,7,4
169,4,22,0,12,2,8,3,0,7
170,3,20,0,8,2,5,4,1,4
171,0,16,1,6,3,5,2,1,1
172,0,21,0,1,5,0,0,0,0
173,4,12,0,13,3,8,7,7,2
174,1,11,2,12,4,12,9,6,10
175,4,11,1,9,3,5,4,0,3
176,4,18,1,19,3,2,2,2,2
177,0,14,0,4,2,3,1,0,2
178,1,22,0,1,3,1,0,1,0
179,1,25,3,24,2,24,13,15,7
180,1,12,0,2,3,2,2,2,1
181,8,23,1,7,0,4,2,0,2
182,2,15,0,9,3,3,2,1,2
183,1,22,0,4,5,4,3,0,2
184,2,15,1,5,2,3,2,0,2
185,1,11,2,5,3,4,2,1,3
186,1,13,1,8,5,8,7,1,6
187,1,14,1,21,2,20,8,9,9
188,8,11,0,36,3,24,15,2,15
189,1,17,0,10,2,10,9,1,9
190,3,18,0,21,6,7,7,1,0
191,0,14,1,34,5,33,18,11,9
192,1,16,0,7,2,7,7,0,3
193,3,13,0,8,1,1,0,0,1
194,4,14,3,7,3,5,4,2,2
195,9,23,1,22,1,20,8,11,8
196,1,12,1,8,3,8,7,1,7
197,5,11,0,10,5,6,2,1,2
198,2,16,1,11,5,5,3,0,2
199,9,14,0,14,3,1,0,0,0
200,3,18,1,9,3,7,7,1,7
201,5,19,1,6,1,2,2,2,0
202,1,15,2,7,0,7,7,1,7
203,1,17,1,5,4,5,3,2,0
204,8,15,1,15,2,7,2,3,7
205,7,19,0,17,2,1,0,0,0
206,1,22,3,10,3,10,4,1,9
207,1,16,1,4,2,4,2,2,2
208,1,13,0,8,2,8,1,1,7
209,9,14,1,5,5,3,2,0,2
210,7,16,1,17,3,4,2,0,3
211,1,11,0,14,2,14,8,9,8
212,1,22,0,12,2,11,8,5,8
213,1,14,0,7,2,7,7,0,7
214,5,16,2,16,5,10,9,4,7
215,5,11,0,8,5,5,2,0,4
216,3,18,0,16,3,1,0,0,0
217,5,15,0,9,5,6,3,0,1
218,0,14,0,7,1,6,2,1,5
219,6,12,0,23,2,19,7,12,8
220,2,14,1,16,4,6,2,0,5
221,8,16,0,16,3,13,11,3,7
222,6,21,0,7,3,3,2,1,1
223,1,14,3,10,1,10,8,0,7
224,0,12,2,17,6,16,10,5,13
225,0,12,1,6,2,5,4,1,4
226,3,17,1,7,6,1,0,0,0
227,4,17,1,13,2,9,8,5,8
228,1,14,1,11,5,11,10,4,1
229,1,14,0,10,3,10,7,0,8
230,1,13,0,4,3,4,3,0,1
231,7,15,0,6,3,2,2,2,2
232,1,11,0,22,3,22,17,11,15
233,8,17,0,7,2,2,2,2,2
234,3,11,1,32,3,7,0,0,6
235,5,13,1,8,2,5,4,0,4
236,5,22,1,22,3,17,13,1,9
237,7,20,0,13,3,9,7,1,7
238,1,18,0,33,2,33,7,15,12
239,2,11,1,6,5,4,3,1,2
240,0,14,0,4,2,3,2,1,2
241,7,14,3,7,1,3,2,1,2
242,0,18,0,4,2,3,2,2,2
243,2,16,2,17,2,1,0,0,0
244,1,17,2,9,3,9,8,4,7
245,0,11,1,25,2,24,0,1,7
246,9,12,1,9,3,2,2,2,2
247,1,13,1,2,2,2,2,0,2
248,6,13,1,13,3,11,9,5,9
249,2,14,1,17,2,3,1,0,2
250,4,17,1,9,1,3,2,0,2
251,6,11,2,17,5,1,0,0,0
252,0,25,0,20,1,19,6,11,8
253,1,19,0,6,1,6,5,1,5
254,3,13,0,10,1,3,2,0,2
255,2,14,1,10,2,3,2,0,2
256,0,12,2,5,3,4,2,1,2
257,0,11,1,10,4,9,6,7,8
258,0,19,1,22,5,21,7,3,9
259,1,11,0,1,0,1,0,0,0
260,0,11,0,6,2,5,4,1,4
261,1,20,0,5,3,5,1,0,3
262,3,18,1,13,0,8,7,7,5
263,4,13,0,9,5,6,2,0,4
264,3,12,1,28,2,7,7,7,7
265,2,11,0,5,5,0,0,0,0
266,2,19,2,10,2,0,0,0,0
267,0,21,1,10,2,9,0,7,8
268,1,12,2,6,2,6,3,1,5
269,0,14,0,21,2,20,7,4,10
270,0,11,1,16,4,15,13,10,11
271,0,14,0,37,2,36,10,4,13
272,1,12,1,10,2,10,7,9,9
273,1,23,1,5,3,5,2,0,4
274,4,14,1,7,5,5,4,0,1
275,1,17,0,3,4,3,2,1,0
276,2,18,2,15,2,5,2,0,2
277,7,18,1,10,6,7,7,6,2
278,1,24,1,8,3,8,0,7,7
279,1,20,1,6,6,6,5,1,4
280,3,14,2,28,4,10,4,1,6
281,3,16,3,21,5,5,3,1,3
282,1,25,0,20,3,20,16,11,6
283,1,18,0,10,3,10,7,0,9
284,3,19,1,12,4,10,7,0,8
285,1,13,1,5,3,5,3,3,3
286,1,12,0,17,3,17,12,5,7
287,3,22,1,19,0,1,0,0,0
288,9,14,1,10,2,2,2,1,2
289,2,13,1,5,2,3,2,0,2
290,1,21,0,5,3,5,3,0,2
291,9,11,0,22,4,3,2,1,2
292,4,12,0,10,2,8,0,7,7
293,1,11,1,2,5,2,2,2,2
294,1,12,0,8,0,8,7,7,4
295,1,12,3,4,3,4,2,1,2
296,5,14,1,23,2,20,4,4,8
297,1,13,0,0,2,0,0,0,0
298,0,15,2,12,3,11,9,6,9
299,4,18,2,4,2,1,0,0,0
300,5,18,1,13,3,4,1,1,2
301,1,19,0,22,2,22,10,0,4
302,1,12,0,0,2,0,0,0,0
303,0,19,0,9,2,8,3,0,7
304,4,11,1,10,3,8,7,7,7
305,0,17,3,19,5,18,10,3,7
306,7,15,1,11,3,9,8,0,8
307,1,14,1,13,3,13,8,4,8
308,3,17,1,19,2,10,8,0,1
309,2,13,1,12,2,5,3,1,2
310,0,12,1,6,4,5,2,0,3
311,3,12,0,9,1,2,2,1,0
312,1,18,1,24,2,24,9,9,11
313,0,18,1,3,2,2,2,2,2
314,6,11,2,12,2,10,6,8,8
315,1,14,0,21,3,21,9,11,10
316,0,19,0,9,5,8,7,1,7
317,7,12,0,25,2,7,1,0,7
318,2,15,0,11,3,8,2,7,7
319,1,12,0,4,2,4,3,1,2
320,1,11,0,13,2,13,12,11,9
321,1,11,0,5,3,5,4,0,4
322,4,12,3,13,3,7,7,1,7
323,7,16,0,10,0,7,7,0,7
324,5,13,0,5,4,3,2,2,2
325,1,13,2,11,2,10,8,1,9
326,1,24,1,10,2,10,9,8,9
327,1,15,1,21,2,21,9,13,3
328,4,18,0,12,3,1,0,0,0
329,3,14,0,9,6,7,7,0,1
330,4,11,1,21,2,3,2,1,1
331,1,11,1,9,3,9,7,0,0
332,0,13,1,6,0,5,4,1,4
333,3,12,0,20,4,4,3,0,3
334,8,16,1,10,1,1,0,0,0
335,9,14,2,12,3,10,9,9,8
336,2,22,3,6,2,4,3,0,2
337,1,11,0,7,4,7,7,0,7
338,0,17,0,4,2,3,2,2,2
339,1,13,3,10,2,10,9,1,2
340,1,18,1,8,3,8,7,0,7
341,7,16,2,8,2,6,2,0,4
342,0,14,1,12,3,11,10,2,9
343,1,14,0,11,2,11,9,4,10
344,1,14,2,7,2,7,7,1,7
345,0,13,0,17,5,16,6,0,13
346,1,12,2,4,2,4,2,0,2
347,6,15,0,8,3,5,4,1,2
348,3,19,0,5,3,0,0,0,0
349,2,14,0,16,2,1,0,0,0
350,1,14,1,4,3,4,3,0,2
351,0,11,1,4,5,3,2,1,0
352,1,13,1,8,4,8,0,0,7
353,3,21,1,15,3,0,0,0,0
354,4,13,2,13,2,7,7,6,7
355,7,12,1,4,2,2,2,2,2
356,1,17,1,8,3,8,7,7,7
357,3,23,0,14,6,1,0,0,0
358,1,11,0,3,3,3,2,1,2
359,4,15,0,7,6,1,0,0,0
360,4,11,1,16,2,13,9,1,12
361,2,11,0,15,2,3,2,1,2
362,3,13,1,10,3,7,7,1,7
363,1,24,0,3,3,3,2,2,2
364,1,13,0,1,2,1,0,0,0
365,6,20,1,17,3,5,4,0,3
366,2,14,0,7,2,1,0,0,0
367,1,18,0,8,5,8,7,7,7
368,6,15,0,20,2,4,3,1,3
369,2,12,2,8,6,6,4,1,0
370,0,16,0,3,5,2,2,2,2
371,1,15,0,1,0,1,0,0,0
372,9,16,0,6,4,3,2,1,2
373,9,19,0,10,5,1,1,0,0
374,1,11,1,5,2,5,2,0,4
375,1,16,0,7,1,7,5,0,7
376,8,24,0,26,2,5,2,0,0
377,4,11,1,18,2,7,7,0,7
378,4,13,1,6,3,2,2,2,2
379,8,13,0,9,3,5,2,0,4
380,2,13,0,30,2,5,4,1,2
381,1,12,1,5,2,5,2,0,3
382,1,18,1,1,3,1,0,0,0
383,0,22,0,7,2,6,4,0,4
384,1,13,1,2,1,2,1,1,2
385,1,13,2,10,2,10,9,9,0
386,9,23,0,3,4,1,0,0,0
387,1,12,1,18,2,18,7,12,17
388,7,12,2,8,5,5,4,1,3
389,3,16,1,8,5,5,2,1,2
390,2,12,0,18,2,1,0,0,1
391,1,11,1,25,3,25,10,3,9
392,6,22,1,20,3,1,0,0,0
393,4,11,1,24,4,4,2,1,2
394,9,15,1,6,3,3,2,1,2
395,1,12,1,13,5,13,10,3,12
396,7,20,1,8,1,3,2,1,2
397,4,14,0,8,3,5,2,0,2
398,1,11,0,5,3,5,4,1,3
399,3,15,2,15,2,13,11,10,7
400,1,12,1,4,3,4,2,3,2
401,1,14,1,21,3,21,8,1,6
402,9,11,3,36,0,7,7,7,7
403,0,11,0,6,6,5,4,4,4
404,1,16,1,10,2,10,7,0,7
405,1,12,1,10,2,10,0,1,8
406,5,13,1,6,5,2,2,0,2
407,2,14,0,28,4,5,4,0,4
408,3,21,2,8,3,2,2,0,2
409,2,13,0,31,2,5,2,1,4
410,2,11,1,19,3,5,4,0,2
411,2,20,0,11,2,5,4,0,2
412,5,11,0,33,5,29,8,11,10
413,2,14,1,19,5,10,7,0,8
414,0,11,3,7,4,6,5,0,4
415,1,16,0,6,4,5,3,1,4
416,0,16,1,3,3,2,2,1,0
417,1,23,1,1,3,1,0,0,0
418,0,14,0,21,2,20,15,1,12
419,1,22,2,3,3,3,2,0,2
420,4,15,1,9,3,5,3,1,4
421,1,18,0,10,2,10,2,0,7
422,5,16,0,6,2,2,2,1,1
423,1,12,0,1,3,1,0,0,0
424,0,11,0,10,3,9,8,7,8
425,3,12,1,32,3,1,0,0,0
426,0,15,1,28,2,27,10,15,7
427,0,14,0,12,2,11,7,6,7
428,4,19,0,22,5,18,13,13,11
429,5,13,3,20,2,5,0,0,4
430,6,13,0,26,2,3,2,0,1
431,0,15,0,6,2,5,4,4,3
432,7,11,0,19,3,1,0,0,0
433,3,12,1,14,3,7,3,5,7
434,2,19,1,15,3,3,2,1,2
435,1,25,1,13,6,13,8,0,8
436,7,12,0,15,2,7,6,7,7
437,7,13,3,8,2,4,3,1,3
438,0,14,0,4,3,3,2,1,2
439,4,12,0,10,2,8,7,0,0
440,3,12,0,12,2,1,0,0,0
441,9,15,3,11,2,3,2,0,2
442,4,17,1,8,4,2,2,2,0
443,1,14,0,10,3,10,3,9,7
444,5,16,0,4,3,2,2,1,2
445,2,14,1,14,2,9,7,6,7
446,3,23,0,37,2,10,9,7,7
447,7,14,0,16,3,14,3,1,10
448,9,11,0,15,2,11,9,6,9
449,7,15,0,22,3,20,6,5,13
450,1,11,1,8,3,8,3,0,7
451,4,13,0,10,2,6,5,0,5
452,1,21,1,10,5,10,9,5,8
453,0,19,1,9,3,8,7,3,7
454,0,11,1,8,2,7,7,1,0
455,4,12,2,8,2,3,2,1,2
456,4,19,1,10,2,6,1,0,5
457,9,21,1,10,3,5,4,0,1
458,1,14,0,0,3,0,0,0,0
459,3,15,1,20,2,1,0,0,1
460,2,17,0,10,3,8,7,0,7
461,5,12,2,8,5,0,0,0,0
462,1,16,0,5,3,5,4,0,3
463,1,12,0,10,3,10,7,5,7
464,1,18,0,1,3,1,0,0,0
465,4,17,0,12,3,6,5,1,2
466,5,11,0,28,3,2,2,1,2
467,7,16,1,22,2,18,16,11,8
468,1,13,1,9,6,9,5,7,7
469,3,12,2,18,3,10,9,6,9
470,8,12,0,6,2,4,2,1,2
471,0,13,2,3,3,2,2,2,1
472,3,19,1,18,4,1,0,0,0
473,6,12,1,8,2,6,5,4,3
474,1,17,1,31,5,31,9,0,9
475,1,11,2,6,3,6,5,1,4
476,1,20,2,6,5,5,3,1,4
477,1,21,1,1,2,1,0,0,0
478,1,11,1,32,2,32,5,10,7
479,1,11,0,7,1,7,4,0,6
480,1,16,1,6,4,6,3,1,2
481,1,18,1,1,2,1,0,0,0
482,1,13,1,6,3,6,5,1,3
483,2,17,0,9,2,3,1,1,2
484,4,14,0,9,3,3,2,0,2
485,4,22,2,13,4,7,7,5,7
486,0,12,2,6,5,5,3,0,3
487,4,11,1,17,3,3,0,1,0
488,1,13,0,1,0,1,0,0,0
489,1,13,2,10,4,10,2,2,2
490,4,14,1,21,3,1,0,0,0
491,3,17,0,8,3,0,0,0,0
492,3,13,1,10,3,8,7,4,7
493,7,11,1,21,3,3,2,0,2
494,4,11,0,10,1,2,2,0,2
495,1,18,2,8,3,8,2,0,6
496,0,11,1,5,3,4,3,0,2
497,1,11,0,3,2,3,2,1,2
498,4,12,1,26,2,2,2,0,1
499,0,20,0,3,3,2,2,2,2
500,0,12,0,6,3,5,0,1,2
501,1,12,1,6,2,6,4,0,5
502,1,20,1,1,2,1,0,0,0
503,7,20,0,18,2,14,7,8,10
504,1,12,1,10,4,10,9,8,8
505,2,14,2,5,4,1,1,0,0
506,1,13,1,3,2,3,2,0,2
507,1,15,1,10,2,10,7,7,8
508,1,14,1,6,5,6,0,1,2
509,1,13,0,17,3,17,11,11,8
510,3,23,1,15,2,13,11,4,7
511,2,15,1,16,1,9,7,7,1
512,2,11,1,13,2,3,2,0,2
513,0,13,0,5,0,4,2,1,1
514,1,11,0,1,5,1,0,1,1
515,1,11,0,10,3,10,8,9,7
516,1,18,2,1,3,1,0,0,0
517,2,16,1,5,3,3,2,0,2
518,0,22,1,4,4,3,2,1,2
519,0,20,0,8,2,7,7,0,5
520,1,18,1,10,5,10,7,2,8
521,3,12,0,12,3,2,2,2,2
522,1,20,2,6,3,6,5,0,4
523,3,17,0,4,2,1,0,0,0
524,1,11,3,20,3,20,8,3,8
525,1,14,0,9,3,8,7,7,7
526,9,14,0,4,3,2,2,2,0
527,1,11,0,20,4,20,7,11,10
528,1,12,0,10,2,10,7,0,8
529,3,14,1,18,4,4,3,1,3
530,0,13,0,10,4,9,7,1,8
531,1,11,0,9,3,9,7,0,7
532,3,15,0,10,6,7,7,7,7
533,2,12,0,20,2,7,7,1,7
534,5,21,1,20,2,18,13,1,12
535,3,19,0,32,3,5,1,1,3
536,3,15,3,23,2,21,6,12,6
537,8,14,0,10,1,2,2,2,2
538,1,21,2,9,4,9,7,1,7
539,1,12,1,22,3,22,7,2,10
540,7,15,1,4,2,2,2,2,2
541,7,13,0,10,4,7,7,3,7
542,9,14,1,10,2,8,7,0,5
543,4,14,0,10,4,1,0,0,0
544,2,14,0,9,5,5,2,1,4
545,9,12,2,28,2,22,2,11,13
546,7,23,1,10,2,8,7,7,7
547,1,11,0,1,6,1,0,0,0
548,6,12,0,7,2,2,2,2,2
549,3,18,1,7,5,2,2,2,2
550,3,11,0,10,2,5,1,4,3
551,1,14,1,5,2,4,3,0,2
552,9,15,1,12,3,8,3,3,6
553,7,11,0,30,1,10,7,1,1
554,0,20,0,5,2,4,2,2,3
555,8,19,0,9,2,7,6,0,7
556,1,14,2,2,2,2,2,2,2
557,2,17,0,19,4,2,2,2,2
558,2,11,1,16,2,1,0,0,0
559,1,15,2,10,2,10,8,4,7
560,6,13,1,6,0,1,0,0,1
561,3,14,1,7,3,0,0,0,0
562,1,11,0,34,3,34,6,1,16
563,1,13,0,10,2,10,9,7,8
564,1,23,0,6,5,6,5,1,4
565,0,13,0,9,3,8,7,3,1
566,1,18,0,2,3,2,2,0,2
567,4,12,0,8,2,5,4,1,3
568,1,22,0,6,5,6,5,1,4
569,5,13,1,24,2,5,2,1,4
570,1,15,0,10,1,10,7,0,9
571,0,18,1,5,3,4,3,1,2
572,3,14,1,5,2,2,2,2,0
573,4,12,1,11,3,8,7,1,1
574,6,17,0,6,2,4,3,1,2
575,2,16,0,10,2,4,2,1,3
576,9,11,2,9,4,5,3,1,4
577,0,19,1,5,3,4,2,1,1
578,0,13,2,6,3,5,3,4,3
579,6,12,0,17,2,15,7,4,12
580,1,11,0,6,3,6,5,1,3
581,1,16,1,3,1,3,2,0,2
582,3,21,2,7,2,2,2,0,2
583,1,24,1,8,2,8,7,3,7
584,5,17,1,6,1,3,2,1,2
585,1,13,1,24,4,24,7,14,9
586,1,21,2,1,2,0,0,0,0
587,1,11,3,1,4,1,0,0,0
588,8,20,1,9,3,5,2,1,4
589,5,16,0,30,3,4,3,0,3
590,1,11,1,1,1,1,0,0,0
591,0,11,0,14,3,13,9,3,7
592,5,15,0,6,3,3,2,0,2
593,1,11,1,26,3,26,14,3,0
594,0,15,1,10,2,9,7,0,5
595,1,24,1,10,3,10,7,0,7
596,7,12,0,40,2,31,15,13,8
597,3,13,0,7,0,2,2,2,2
598,9,13,1,8,4,4,3,0,2
599,6,17,0,5,3,2,2,2,1
600,4,13,1,8,2,5,2,0,4
601,1,12,1,14,3,14,13,6,8
602,6,14,0,10,6,1,0,0,0
603,5,24,0,12,4,0,0,0,0
604,1,14,0,1,3,1,0,0,0
605,1,13,1,10,3,9,8,7,8
606,2,15,1,13,3,4,3,1,2
607,1,16,0,6,3,5,2,1,3
608,1,18,2,9,3,9,8,7,7
609,4,16,0,12,3,9,7,7,3
610,6,24,1,22,3,4,1,1,0
611,1,16,1,9,3,9,8,0,8
612,3,21,0,17,3,8,5,1,6
613,1,20,0,8,2,8,7,7,5
614,0,19,1,4,1,3,2,0,2
615,1,14,1,8,2,8,7,1,7
616,1,11,3,0,6,0,0,0,0
617,2,14,1,29,2,20,6,4,17
618,9,12,0,10,2,5,2,2,3
619,7,13,0,6,3,4,3,0,1
620,1,22,1,9,5,9,8,0,8
621,1,11,0,6,3,6,5,1,1
622,1,14,1,18,1,18,14,4,11
623,2,11,1,8,3,5,2,0,3
624,9,12,1,10,3,5,4,0,3
625,7,18,1,35,3,5,2,0,4
626,4,12,1,18,2,5,4,0,2
627,5,12,1,9,3,5,3,1,3
628,3,22,0,31,3,9,8,0,0
629,4,19,2,9,2,1,0,0,0
630,1,13,1,6,6,5,1,0,4
631,6,22,2,4,2,2,2,2,2
632,2,24,1,10,2,3,2,0,2
633,5,14,0,8,2,2,1,2,2
634,0,21,0,6,3,5,4,0,3
635,1,18,0,5,3,5,3,0,3
636,1,20,1,17,2,17,14,5,15
637,1,19,1,10,3,10,2,7,8
638,0,12,1,4,2,3,0,0,2
639,1,12,0,5,1,5,2,0,3
640,2,16,1,7,2,4,2,0,2
641,0,17,0,6,2,5,2,3,4
642,1,14,1,10,3,10,8,5,3
643,0,19,1,3,3,2,2,1,2
644,2,13,1,17,1,5,3,1,3
645,3,19,1,8,2,6,4,0,2
646,6,19,3,5,3,3,2,0,2
647,5,14,1,28,3,2,0,2,2
648,3,16,0,16,2,13,10,4,8
649,5,15,1,10,3,5,4,0,0
650,6,18,0,33,0,12,9,3,8
651,4,13,1,12,2,5,2,2,2
652,0,22,1,8,2,7,6,7,7
653,1,13,0,10,2,10,0,0,9
654,1,11,1,31,3,31,6,14,7
655,8,11,2,13,2,5,4,0,4
656,3,11,1,7,4,4,3,0,3
657,1,24,0,1,2,1,0,0,1
658,6,14,3,8,5,4,3,0,3
659,1,13,0,8,0,8,7,7,1
660,1,14,0,4,3,4,2,0,2
661,9,14,1,3,3,1,0,0,0
662,4,21,1,4,2,1,0,0,0
663,1,13,0,2,3,2,2,0,2
664,1,19,0,1,3,1,0,0,0
665,0,17,1,17,2,16,8,4,11
666,1,18,0,3,3,3,2,1,2
667,0,19,1,4,3,3,2,0,2
668,4,13,1,10,1,7,7,1,0
669,5,18,1,6,2,2,2,2,2
670,7,21,0,8,2,2,2,2,2
671,1,19,0,1,2,1,1,0,0
672,1,14,2,1,3,1,0,1,0
673,7,17,0,10,6,5,4,0,3
674,3,11,0,6,1,3,2,0,2
675,2,13,1,24,3,6,0,0,4
676,3,15,0,13,2,7,7,5,2
677,1,25,1,10,2,10,6,0,7
678,4,11,1,29,3,26,9,1,7
679,4,17,2,13,2,0,0,0,0
680,1,13,1,9,2,9,8,0,0
681,2,18,0,8,6,6,2,0,1
682,1,13,1,15,3,15,12,5,11
683,6,20,0,5,3,3,0,0,2
684,1,18,3,1,2,1,0,0,0
685,2,12,1,11,2,1,0,0,0
686,1,12,0,7,2,7,7,0,7
687,2,13,0,20,3,18,13,2,17
688,4,21,0,16,6,11,8,3,9
689,1,13,0,1,3,1,0,0,0
690,1,19,0,1,2,1,0,0,0
691,0,11,2,10,2,9,7,8,5
692,8,14,1,3,2,1,1,0,0
693,1,12,1,8,2,8,7,6,3
694,1,11,1,16,6,16,7,3,7
695,0,14,0,6,3,5,0,1,4
696,5,11,0,17,2,14,1,11,7
697,1,12,0,9,5,9,7,0,8
698,1,15,1,3,5,3,1,0,2
699,1,16,0,5,3,5,2,1,0
700,2,15,1,26,2,9,8,7,8
701,4,24,0,7,4,1,0,0,0
702,6,13,1,22,3,17,13,15,2
703,5,11,1,10,2,8,4,7,7
704,1,13,0,6,1,5,3,1,3
705,6,13,1,12,2,10,9,0,8
706,0,18,0,9,3,8,7,0,7
707,4,16,0,22,2,1,0,0,0
708,1,19,0,20,3,19,10,2,7
709,4,13,2,12,3,7,7,0,7
710,0,22,0,4,0,3,2,1,2
711,1,11,0,10,2,10,8,6,0
712,6,20,0,3,5,0,0,0,0
713,3,18,0,5,4,3,2,0,2
714,3,14,2,8,2,5,3,0,2
715,9,22,1,32,1,5,4,1,3
716,1,13,1,6,2,6,5,1,2
717,2,17,1,21,2,18,16,0,11
718,9,14,1,4,2,2,2,2,2
719,1,15,1,9,2,9,8,0,8
720,1,17,0,9,0,9,0,0,7
721,4,11,0,7,2,5,2,0,1
722,3,18,1,22,2,12,11,1,5
723,0,17,1,3,0,2,1,0,2
724,6,13,1,13,3,8,7,0,7
725,1,15,2,5,6,4,2,3,2
726,1,24,1,5,2,4,2,0,2
727,1,12,1,4,1,4,3,0,3
728,1,15,0,0,2,0,0,0,0
729,8,11,1,22,2,10,7,0,8
730,1,11,1,16,3,16,10,10,1
731,0,12,3,9,4,8,7,1,7
732,1,15,0,1,2,1,0,0,0
733,0,17,0,4,3,3,2,1,2
734,1,12,0,8,2,8,7,1,3
735,1,15,1,4,3,4,3,1,1
736,2,13,0,19,0,2,2,2,2
737,7,14,0,27,3,15,11,4,8
738,6,14,0,8,6,2,2,2,1
739,1,16,1,21,3,21,6,11,8
740,0,18,1,4,2,3,2,2,2
741,1,20,1,3,4,3,2,1,2
742,6,13,0,21,3,1,0,0,0
743,4,18,0,8,5,1,0,0,0
744,3,13,0,30,4,5,3,4,3
745,5,15,0,15,2,1,0,0,0
746,3,14,2,17,3,8,7,6,7
747,1,22,2,21,3,21,16,5,10
748,8,12,0,19,1,1,0,0,0
749,8,18,0,7,6,2,2,2,2
750,1,15,1,33,3,32,14,6,9
751,3,18,1,23,2,12,11,11,11
752,0,12,1,19,3,18,7,0,13
753,1,16,0,18,1,17,13,15,14
754,1,13,0,21,2,21,6,2,8
755,0,19,0,3,2,2,2,2,2
756,3,13,1,26,4,9,3,1,1
757,9,12,0,10,2,8,7,7,7
758,0,11,1,16,2,15,1,0,9
759,3,14,1,14,1,6,4,0,4
760,1,16,0,6,3,6,3,0,4
761,2,12,1,30,2,15,7,6,12
762,7,14,1,9,3,1,0,0,0
763,6,14,1,6,2,3,2,1,2
764,1,19,1,1,2,1,1,0,0
765,1,22,0,1,5,1,0,0,0
766,3,16,1,8,2,2,2,2,2
767,2,11,1,29,2,8,1,7,7
768,3,15,0,8,3,4,3,0,1
769,1,14,1,8,3,7,7,7,5
770,1,13,2,5,5,5,3,1,3
771,9,17,2,23,0,2,2,2,2
772,6,11,1,13,4,9,4,7,0
773,2,19,1,18,4,5,4,0,3
774,0,11,0,15,2,14,8,7,8
775,7,15,0,31,3,9,7,6,2
776,5,13,1,18,5,1,0,0,0
777,1,14,0,2,3,2,2,0,2
778,1,13,0,1,6,1,0,1,0
779,8,23,3,19,2,16,13,1,7
780,9,12,3,18,2,10,0,2,7
781,1,12,0,10,2,10,7,1,9
782,1,16,2,6,2,5,3,1,3
783,0,15,1,7,1,6,2,0,2
784,1,13,0,10,3,10,6,0,8
785,0,18,1,20,4,19,9,1,9
786,4,20,1,14,6,11,10,11,1
787,1,19,3,3,4,3,2,1,2
788,3,18,1,23,4,3,2,1,2
789,3,13,0,10,4,8,7,1,7
790,9,14,1,24,1,20,6,3,6
791,4,15,1,9,2,3,2,1,2
792,0,22,0,9,2,8,7,4,7
793,1,22,0,14,4,13,7,3,8
794,1,16,1,4,5,4,2,2,2
795,0,17,0,7,1,6,2,0,4
796,2,14,3,8,5,1,0,0,0
797,1,15,1,7,3,7,7,5,6
798,1,20,1,1,0,1,1,0,0
799,4,20,0,5,0,2,2,2,2
800,0,17,1,23,3,22,6,13,7
801,1,15,2,1,2,1,0,0,0
802,3,14,0,5,4,0,0,0,0
803,0,17,1,4,3,3,2,0,2
804,3,17,3,6,2,0,0,0,0
805,2,22,0,27,3,5,4,2,1
806,1,13,1,15,2,15,10,4,12
807,7,19,0,18,4,8,6,4,0
808,0,14,2,9,2,8,7,2,7
809,4,22,1,11,1,7,5,1,7
810,0,17,3,10,3,9,7,1,7
811,3,12,1,23,3,12,9,4,9
812,7,16,0,10,2,1,0,0,0
813,8,11,1,18,1,8,7,0,1
814,7,11,3,21,4,18,7,11,5
815,1,14,0,21,2,20,7,4,9
816,1,11,0,2,6,2,2,2,2
817,9,15,0,9,2,5,4,0,3
818,2,20,0,18,0,11,9,0,9
819,0,12,1,3,4,2,2,2,2
820,0,17,0,6,2,5,3,0,4
821,1,11,1,5,3,5,2,0,2
822,6,17,1,22,3,9,8,2,3
823,2,11,0,5,3,3,2,0,2
824,0,14,2,8,2,7,5,1,1
825,4,19,0,16,3,1,0,0,0
826,1,15,1,10,2,10,7,1,2
827,1,13,1,7,2,7,6,5,0
828,1,14,1,3,2,3,1,0,2
829,1,12,0,0,0,0,0,0,0
830,0,17,0,6,3,5,2,0,3
831,3,11,1,6,4,1,0,0,0
832,1,12,1,2,5,2,2,2,2
833,7,13,2,9,2,6,2,1,3
834,1,13,1,4,0,4,2,2,2
835,1,20,0,6,3,6,5,1,3
836,1,17,0,6,2,5,4,1,4
837,1,13,1,11,3,11,8,3,10
838,9,17,0,20,3,18,7,2,13
839,0,12,0,22,2,21,9,13,14
840,7,13,0,9,3,6,4,1,5
841,6,12,1,10,2,8,0,1,7
842,8,22,0,6,2,4,3,1,2
843,1,11,0,1,4,1,1,0,0
844,1,22,1,8,2,8,7,0,7
845,1,18,1,10,3,10,3,1,4
846,3,13,1,16,3,1,1,0,0
847,2,18,1,15,2,7,7,6,4
848,0,20,0,14,3,13,9,4,9
849,1,13,1,2,2,2,2,2,2
850,8,13,0,7,2,4,3,1,3
851,1,12,3,1,3,1,0,0,0
852,4,13,1,28,2,5,2,4,2
853,1,13,1,10,5,10,8,0,8
854,1,25,0,1,4,1,1,0,0
855,4,19,1,7,2,3,2,0,2
856,1,13,1,14,2,14,8,3,11
857,1,12,0,2,2,2,2,1,2
858,1,11,0,6,4,6,4,0,2
859,3,18,1,26,6,7,7,4,7
860,0,18,1,6,2,5,4,1,3
861,0,11,1,1,5,0,0,0,0
862,8,23,0,28,2,26,15,15,9
863,2,13,0,6,3,0,0,0,0
864,1,13,1,5,2,5,4,1,4
865,6,17,1,5,2,1,0,0,0
866,8,19,3,8,3,4,3,0,3
867,5,12,3,5,2,0,0,0,0
868,2,22,1,32,3,2,2,2,2
869,1,12,3,6,2,6,5,3,3
870,5,11,1,25,2,4,2,0,3
871,3,15,3,15,2,7,7,1,7
872,1,13,1,1,3,1,0,0,0
873,1,12,1,10,3,10,7,0,1
874,1,14,1,7,4,7,7,1,7
875,1,13,3,10,4,10,7,8,9
876,1,25,0,20,3,20,11,13,17
877,1,17,0,2,2,2,1,2,2
878,2,11,1,12,3,6,3,1,4
879,7,16,1,10,3,4,3,0,3
880,0,18,1,12,3,11,7,1,9
881,1,20,1,2,2,2,2,2,2
882,4,14,0,10,2,8,7,0,7
883,2,21,1,17,2,7,7,7,7
884,0,13,1,15,5,14,10,4,10
885,7,12,1,7,2,5,1,1,3
886,0,14,0,5,4,4,3,1,1
887,0,21,1,12,2,11,9,5,7
888,3,17,0,20,6,1,0,0,0
889,4,11,1,16,6,13,2,4,12
890,1,14,2,9,3,9,7,6,8
891,7,17,1,33,2,5,4,1,4
892,1,13,1,10,5,10,5,7,7
893,1,25,0,1,2,1,1,0,0
894,1,15,3,3,5,3,2,1,2
895,3,14,0,36,2,10,9,0,9
896,1,12,0,6,2,6,5,0,1
897,1,19,0,10,2,10,9,1,8
898,5,17,0,13,2,6,1,0,5
899,3,14,1,25,2,8,7,0,7
900,2,13,1,23,2,1,0,0,0
901,1,12,0,12,2,11,10,0,7
902,5,11,0,7,4,1,0,0,0
903,1,11,3,5,2,5,3,0,3
904,1,11,2,6,2,6,0,1,0
905,6,12,0,25,3,1,0,0,0
906,3,14,2,9,2,7,7,1,7
907,0,17,0,2,5,1,0,0,0
908,7,11,1,26,5,22,9,3,10
909,0,14,2,10,3,9,8,0,8
910,1,12,0,1,2,1,0,0,1
911,1,22,1,1,2,1,0,0,1
912,1,14,0,1,4,1,0,1,0
913,1,20,0,8,2,8,5,2,2
914,2,16,0,26,2,24,10,1,11
915,1,15,1,34,3,33,9,15,0
916,1,20,0,2,2,2,2,2,2
917,2,14,1,26,2,11,4,0,8
918,0,12,0,4,3,3,2,0,2
919,4,24,1,31,5,29,10,11,10
920,6,12,0,25,6,9,7,5,4
921,4,13,2,15,2,11,8,5,10
922,0,11,0,5,2,4,2,0,2
923,1,14,2,26,4,25,9,14,13
924,4,11,2,14,5,10,9,1,8
925,0,14,0,4,3,3,2,2,2
926,6,16,0,18,2,1,0,0,0
927,3,14,0,23,3,21,7,15,17
928,9,11,0,18,2,16,14,5,12
929,1,11,1,10,2,10,7,0,5
930,1,12,1,2,2,2,2,2,2
931,0,14,0,8,6,7,0,7,7
932,7,18,0,10,3,8,4,1,7
933,3,13,2,10,2,7,7,7,7
934,2,11,0,5,2,3,2,1,2
935,1,18,0,2,3,2,2,2,1
936,1,15,2,10,4,10,7,0,8
937,3,22,0,22,4,0,0,0,0
938,6,13,2,21,4,19,9,15,2
939,1,12,2,2,3,2,2,2,2
940,1,18,1,10,3,10,4,1,1
941,0,13,0,6,2,5,2,0,3
942,0,12,1,10,6,9,2,6,7
943,3,12,0,10,0,7,7,1,7
944,6,12,0,10,3,7,6,5,7
945,0,11,3,10,6,9,8,7,5
946,4,11,0,25,2,3,2,1,2
947,2,12,0,9,2,5,4,1,0
948,9,19,0,10,2,8,7,7,7
949,1,23,2,9,2,9,1,0,8
950,0,11,0,9,6,8,7,1,7
951,1,19,1,10,5,10,8,9,6
952,1,13,0,19,4,19,2,11,9
953,1,11,0,3,2,3,2,2,2
954,4,12,0,10,4,3,2,1,2
955,0,13,0,21,3,20,8,2,10
956,4,14,1,23,5,19,9,9,11
957,6,14,0,36,4,7,3,7,7
958,9,16,1,6,0,4,2,0,0
959,0,11,1,10,0,9,7,1,6
960,1,13,0,9,4,9,8,8,8
961,0,17,1,10,2,9,3,1,7
962,1,11,0,9,3,9,6,1,1
963,1,11,1,33,2,33,9,0,10
964,3,15,1,11,3,7,7,1,7
965,1,12,0,10,6,10,8,9,6
966,3,11,3,7,6,3,2,1,2
967,7,14,0,31,0,10,9,5,9
968,3,22,1,7,3,4,2,0,3
969,2,16,1,17,2,15,7,6,13
970,1,11,0,11,2,10,9,0,8
971,8,14,1,5,4,1,0,0,0
972,3,16,0,29,1,5,2,0,3
973,1,15,0,0,5,0,0,0,0
974,0,12,1,10,0,9,7,0,0
975,3,20,0,8,3,6,2,0,0
976,6,17,0,24,2,19,7,3,8
977,4,12,1,33,0,19,16,15,9
978,1,20,3,5,2,5,4,0,0
979,5,20,3,15,0,12,11,11,8
980,4,13,2,10,1,8,7,7,7
981,7,14,0,3,3,1,0,0,0
982,0,18,1,5,0,4,2,3,2
983,1,11,3,4,2,4,2,0,3
984,1,11,0,14,2,14,11,4,11
985,1,11,1,5,0,5,3,0,4
986,1,15,2,10,3,10,2,6,7
987,3,12,2,8,2,5,4,1,4
988,2,11,0,14,5,4,2,3,2
989,3,14,2,12,4,6,2,3,3
990,7,15,0,8,2,6,4,1,3
991,6,13,0,8,2,5,4,1,2
992,0,13,3,4,3,3,2,1,2
993,3,21,1,13,2,6,4,0,5
994,2,11,0,6,3,3,2,1,2
995,2,11,1,24,3,5,3,0,2
996,1,14,0,20,3,20,7,1,8
997,1,11,0,6,3,6,2,4,4
998,1,13,0,8,2,8,2,7,7
999,0,12,0,5,2,4,3,1,1
1000,0,14,1,21,5,20,7,0,9
1001,9,13,0,12,2,5,4,0,4
1002,4,18,0,8,6,3,2,0,2
1003,2,11,0,10,2,2,2,2,2
1004,4,11,1,7,2,3,2,0,2
1005,0,12,0,8,2,7,7,0,7
1006,1,13,0,10,3,10,9,0,9
1007,3,20,0,20,2,4,3,1,3
1008,0,12,0,9,1,8,7,7,7
1009,6,19,0,29,3,20,7,12,7
1010,3,21,1,32,3,9,8,1,5
1011,2,13,2,31,4,7,7,0,0
1012,3,16,0,15,3,5,4,0,1
1013,1,12,0,1,3,1,0,0,0
1014,7,14,2,8,3,3,2,0,2
1015,3,11,0,9,3,3,2,1,0
1016,5,14,2,10,2,4,3,1,3
1017,1,12,0,1,3,1,0,0,0
1018,0,14,0,6,3,5,0,1,4
1019,1,16,0,10,2,10,4,1,8
1020,4,13,2,11,3,3,2,0,2
1021,7,12,1,17,2,6,5,1,2
1022,3,12,0,6,2,3,2,2,2
1023,0,14,0,7,2,6,5,1,3
1024,2,22,1,5,3,3,2,1,0
1025,3,19,2,26,2,20,17,5,6
1026,1,12,2,5,3,5,4,0,3
1027,4,12,1,7,3,4,3,0,3
1028,5,17,1,7,2,5,4,0,2
1029,2,12,0,7,5,4,2,0,3
1030,3,11,2,11,2,8,7,0,7
1031,1,18,1,13,5,13,7,9,9
1032,4,11,1,28,1,7,7,4,3
1033,2,23,0,11,2,1,0,0,0
1034,1,11,0,10,2,10,8,4,7
1035,2,18,1,24,2,7,7,0,7
1036,9,18,0,8,3,3,2,0,2
1037,6,13,1,7,2,2,2,2,2
1038,4,18,2,10,4,3,1,1,2
1039,4,11,3,15,3,2,2,2,2
1040,1,15,0,2,0,2,2,2,2
1041,2,11,1,16,5,9,8,4,8
1042,0,18,0,6,4,5,4,1,3
1043,3,14,0,7,5,5,2,0,3
1044,4,12,0,35,2,9,8,8,8
1045,2,14,1,20,0,3,2,1,2
1046,2,14,1,8,3,3,1,1,2
1047,1,13,0,6,3,5,2,1,3
1048,0,14,2,5,2,4,3,0,3
1049,3,18,0,15,2,13,9,3,12
1050,8,15,2,4,2,2,1,2,2
1051,1,13,0,12,3,12,9,5,8
1052,7,12,1,11,4,1,0,0,0
1053,1,13,2,1,2,1,0,0,0
1054,0,24,1,13,2,12,9,2,8
1055,3,14,2,29,3,8,7,0,7
1056,7,14,2,16,3,14,8,6,9
1057,3,15,1,5,3,3,2,1,2
1058,5,11,0,7,4,5,3,0,0
1059,0,23,0,16,2,15,9,10,10
1060,1,13,1,1,3,1,0,0,0
1061,2,11,0,4,2,0,0,0,0
1062,1,13,1,1,2,1,0,0,0
1063,5,18,0,16,2,2,2,2,2
1064,1,14,2,10,3,10,7,0,4
1065,0,21,1,6,3,5,3,1,3
1066,0,16,0,4,2,3,2,1,2
1067,8,11,0,8,5,5,4,0,2
1068,3,17,1,11,4,5,4,1,2
1069,7,11,0,8,2,0,0,0,0
1070,1,14,1,1,2,1,0,0,0
1071,0,14,0,5,5,4,2,1,3
1072,4,25,1,10,3,3,2,1,2
1073,0,13,3,4,3,3,2,0,2
1074,1,14,2,8,2,8,6,1,7
1075,2,17,0,14,6,0,0,0,0
1076,2,25,0,10,5,5,2,0,0
1077,3,20,1,26,2,14,9,1,12
1078,6,13,0,11,2,9,7,0,7
1079,3,13,1,24,1,20,6,14,17
1080,4,18,0,9,3,2,0,2,2
1081,8,12,1,23,2,13,12,5,1
1082,1,19,0,11,3,11,8,3,3
1083,0,14,0,5,2,4,3,1,2
1084,3,14,0,15,3,5,4,1,0
1085,1,14,0,10,3,10,9,8,6
1086,1,12,0,7,2,7,2,7,7
1087,1,13,0,32,2,32,6,13,9
1088,0,25,1,12,4,11,10,5,7
1089,4,14,1,4,3,1,0,0,0
1090,1,17,0,10,2,10,8,3,7
1091,3,13,1,9,3,7,7,0,7
1092,1,13,0,5,2,5,3,0,2
1093,4,20,1,8,3,5,4,0,3
1094,2,14,1,24,3,20,8,13,9
1095,0,12,0,9,5,8,4,7,1
1096,1,12,1,15,3,15,14,5,7
1097,1,21,0,21,2,21,7,7,7
1098,0,14,3,2,3,1,1,0,0
1099,3,18,0,8,2,2,2,2,2
1100,1,12,3,10,4,10,8,7,7
1101,0,23,2,6,5,5,3,4,2
1102,3,12,1,12,2,7,1,2,5
1103,3,21,0,7,3,3,2,1,2
1104,8,14,1,18,2,8,7,7,7
1105,6,18,2,5,2,1,0,0,0
1106,2,13,1,8,6,2,2,2,2
1107,1,11,1,10,4,10,8,6,7
1108,3,11,0,10,2,6,3,1,2
1109,1,19,0,3,3,3,0,1,2
1110,3,12,1,9,3,4,2,1,3
1111,1,12,1,1,2,1,0,0,0
1112,0,16,1,34,4,33,7,1,9
1113,4,11,2,7,2,5,2,1,4
1114,4,14,1,9,3,6,5,1,2
1115,8,12,1,10,3,8,2,7,6
1116,1,13,0,1,4,1,0,0,0
1117,1,21,1,36,3,36,6,2,13
1118,9,17,1,9,3,2,2,2,1
1119,1,21,0,1,5,1,0,0,0
1120,0,11,1,10,3,9,8,7,7
1121,2,12,0,8,5,3,2,1,2
1122,6,13,0,15,5,1,0,0,0
1123,1,18,0,10,3,10,9,1,5
1124,3,16,0,10,4,5,2,0,4
1125,2,11,1,11,3,7,6,7,6
1126,1,19,1,6,0,6,4,1,3
1127,4,16,1,27,2,1,0,0,0
1128,2,16,1,4,2,2,2,2,2
1129,3,13,1,9,3,3,2,0,2
1130,8,22,0,24,2,1,0,0,1
1131,1,17,2,10,3,10,9,6,8
1132,1,14,1,8,3,8,2,7,7
1133,1,15,1,5,2,5,4,1,2
1134,5,12,1,8,0,6,4,0,2
1135,1,18,1,1,5,1,0,0,1
1136,1,15,0,27,5,26,0,0,12
1137,1,17,3,1,3,1,1,0,0
1138,1,14,0,4,2,4,2,1,3
1139,2,15,1,32,3,30,8,12,13
1140,3,17,2,6,3,3,2,0,2
1141,0,14,1,23,4,22,7,1,10
1142,1,12,1,6,3,6,4,1,1
1143,1,14,0,10,3,10,7,1,4
1144,1,15,1,10,2,10,7,4,5
1145,7,13,0,10,3,5,2,0,3
1146,9,12,2,7,2,3,2,1,1
1147,1,13,1,9,3,9,7,7,2
1148,1,14,1,10,3,9,6,1,4
1149,2,13,3,10,3,7,7,7,7
1150,1,11,2,7,3,7,7,0,7
1151,1,11,0,16,2,16,15,1,10
1152,0,21,1,6,5,5,3,0,0
1153,1,18,0,3,2,2,2,2,2
1154,1,12,0,0,2,0,0,0,0
1155,3,11,1,27,2,5,2,1,0
1156,0,15,1,11,3,10,8,0,7
1157,1,13,2,18,2,18,15,14,12
1158,1,12,1,15,5,14,11,2,9
1159,3,17,3,9,2,4,3,0,2
1160,0,13,0,10,2,9,2,3,8
1161,1,19,2,10,3,10,7,3,9
1162,3,19,1,10,6,5,4,0,2
1163,9,17,0,15,3,13,12,6,0
1164,1,11,1,8,2,8,4,7,7
1165,6,15,0,18,2,4,2,3,3
1166,4,11,0,14,3,10,7,0,2
1167,2,25,1,23,3,2,2,2,2
1168,6,14,2,7,2,2,2,2,2
1169,1,13,0,6,2,6,3,1,3
1170,7,17,0,5,0,3,2,0,2
1171,2,13,0,6,0,4,2,1,2
1172,3,14,0,10,3,4,2,0,3
1173,9,11,0,8,2,5,2,1,4
1174,4,12,2,9,6,3,2,0,2
1175,1,17,2,7,6,7,7,0,7
1176,4,21,0,7,3,5,4,1,0
1177,3,16,2,27,2,4,2,1,2
1178,5,15,3,19,3,14,11,1,11
1179,1,19,0,2,3,2,2,2,2
1180,1,12,1,11,2,11,8,7,9
1181,2,11,0,15,4,4,3,1,3
1182,2,19,1,30,3,15,11,2,12
1183,0,15,0,4,6,3,2,1,2
1184,6,20,1,13,3,5,4,0,4
1185,3,25,1,36,6,10,8,4,7
1186,1,24,1,14,3,14,10,6,11
1187,3,24,0,13,2,11,9,6,7
1188,7,15,2,19,4,13,11,2,9
1189,1,13,1,10,3,10,0,0,9
1190,1,14,2,6,5,6,2,0,4
1191,0,13,2,10,4,9,5,1,6
1192,1,11,2,10,2,10,0,0,2
1193,4,16,1,17,2,2,2,2,2
1194,1,22,0,4,3,4,3,3,3
1195,6,14,3,29,2,3,2,1,2
1196,4,14,0,23,2,8,7,0,0
1197,3,16,0,21,2,2,0,0,2
1198,1,11,0,2,3,2,2,0,2
1199,1,25,1,7,2,6,5,1,2
1200,6,14,2,10,2,3,2,0,2
1201,4,18,3,8,2,2,2,2,2
1202,1,11,0,5,2,5,4,1,2
1203,7,19,1,7,5,0,0,0,0
1204,3,15,0,11,2,4,3,1,2
1205,2,11,2,19,3,9,7,7,7
1206,1,12,0,1,2,1,0,0,0
1207,1,20,0,7,5,7,7,5,7
1208,5,12,1,8,1,4,2,1,2
1209,1,14,1,15,3,15,10,4,13
1210,3,20,1,19,2,1,0,0,0
1211,1,18,3,14,6,14,11,2,13
1212,1,14,2,6,2,6,3,1,3
1213,1,12,0,10,3,10,9,8,7
1214,1,21,1,3,2,3,2,0,2
1215,1,19,1,9,2,8,7,6,7
1216,0,14,0,6,2,5,4,1,4
1217,1,17,1,10,3,10,9,8,8
1218,1,16,1,5,1,5,3,0,4
1219,1,12,0,10,3,10,8,8,7
1220,9,17,1,9,2,5,3,1,2
1221,3,15,0,17,2,13,7,6,7
1222,3,23,1,25,3,23,15,14,4
1223,1,11,1,1,2,1,0,0,0
1224,7,11,0,25,3,23,5,14,10
1225,1,15,3,3,3,3,2,0,2
1226,1,11,0,21,2,21,6,8,6
1227,6,13,1,10,3,5,2,1,3
1228,1,14,1,6,2,5,2,0,3
1229,6,19,1,10,4,3,2,1,2
1230,2,16,1,18,3,1,0,0,0
1231,1,13,3,6,2,6,2,1,2
1232,6,14,0,19,3,10,7,0,9
1233,2,16,1,17,3,7,7,0,7
1234,1,12,1,10,2,10,0,0,8
1235,7,11,1,4,3,1,0,0,0
1236,4,12,1,13,5,10,6,0,3
1237,5,13,3,16,3,2,2,2,2
1238,6,15,0,10,2,0,0,0,0
1239,1,13,0,3,3,3,2,1,2
1240,2,20,0,9,3,5,4,1,4
1241,1,15,1,9,2,9,8,5,8
1242,3,13,1,10,2,4,3,0,2
1243,1,14,0,21,3,21,8,12,8
1244,4,21,2,9,2,5,0,0,3
1245,0,16,0,10,2,9,7,0,7
1246,0,14,1,3,2,2,2,2,1
1247,6,11,1,6,0,4,2,1,2
1248,1,19,1,6,3,5,2,0,2
1249,1,11,0,6,5,6,2,1,4
1250,1,13,0,2,3,2,2,2,2
1251,8,12,0,10,5,3,2,0,2
1252,2,11,1,12,2,7,7,1,7
1253,0,14,3,6,3,5,0,1,2
1254,8,15,0,13,2,11,7,1,7
1255,3,12,0,8,1,5,1,0,4
1256,2,20,0,11,2,0,0,0,0
1257,4,14,1,9,4,6,1,0,5
1258,2,13,3,10,2,1,0,0,0
1259,1,13,1,1,2,1,0,0,0
1260,3,16,1,10,3,7,0,1,7
1261,2,14,0,12,3,7,7,0,7
1262,3,16,1,15,2,1,0,1,0
1263,9,16,1,6,4,1,0,0,0
1264,8,22,3,7,6,5,3,0,4
1265,8,12,3,34,2,1,0,0,0
1266,5,15,2,11,2,9,8,1,7
1267,1,20,2,5,2,5,3,0,4
1268,1,14,1,15,3,15,14,0,7
1269,4,20,3,27,2,3,2,0,2
1270,0,13,0,10,5,9,7,1,8
1271,5,12,0,6,3,2,2,2,2
1272,1,13,0,1,3,1,0,1,0
1273,1,11,1,5,3,5,4,0,4
1274,1,17,0,1,6,1,0,0,0
1275,1,14,2,13,3,12,7,5,7
1276,2,11,0,15,2,2,2,2,2
1277,1,14,2,5,2,5,2,0,3
1278,7,17,1,24,3,2,1,2,2
1279,7,13,1,15,1,12,8,5,7
1280,1,12,3,6,2,5,3,2,3
1281,2,13,0,19,4,10,0,4,7
1282,1,18,0,10,2,10,7,7,7
1283,6,19,1,14,1,10,8,7,6
1284,1,11,1,5,6,5,3,0,3
1285,7,21,0,9,3,4,3,2,2
1286,8,15,0,6,3,2,2,2,2
1287,4,17,1,7,5,4,3,0,2
1288,5,18,2,10,2,0,0,0,0
1289,2,14,1,15,6,7,7,1,7
1290,5,13,3,13,3,11,10,3,8
1291,4,17,1,11,3,7,1,0,7
1292,1,15,0,10,4,10,3,0,8
1293,2,18,1,7,6,2,1,2,2
1294,4,13,0,7,2,3,2,1,2
1295,3,12,0,11,3,3,2,1,2
1296,0,13,1,23,3,22,14,13,5
1297,9,14,0,9,3,7,7,0,2
1298,0,11,0,6,3,5,1,1,4
1299,4,22,1,13,2,9,7,3,7
1300,4,17,1,12,3,5,3,0,3
1301,1,21,2,10,5,10,8,4,8
1302,4,22,1,37,0,16,9,14,14
1303,0,16,1,6,2,5,4,0,3
1304,8,12,1,28,4,22,11,14,10
1305,2,12,1,15,3,7,4,7,7
1306,4,15,1,14,2,7,1,1,7
1307,2,14,2,9,3,3,2,2,2
1308,1,25,1,3,3,3,2,1,2
1309,2,20,2,20,4,4,2,0,3
1310,1,13,0,5,4,5,3,1,2
1311,2,14,0,23,3,2,2,2,2
1312,1,16,0,0,4,0,0,0,0
1313,0,17,0,2,4,1,0,0,0
1314,4,15,3,4,3,2,2,2,0
1315,4,22,2,10,3,8,7,5,7
1316,4,22,1,15,2,1,0,0,0
1317,1,20,1,7,5,7,7,7,7
1318,0,14,0,6,3,5,4,0,2
1319,1,13,0,11,3,11,8,3,10
1320,8,13,0,4,2,0,0,0,0
1321,3,22,2,10,1,6,3,3,3
1322,4,12,0,7,2,2,2,2,0
1323,3,14,1,12,4,9,8,4,7
1324,1,15,1,3,2,3,2,2,2
1325,8,17,2,11,3,7,0,1,6
1326,4,13,0,8,3,0,0,0,0
1327,7,12,0,7,3,2,2,2,2
1328,2,12,1,25,5,19,17,2,8
1329,1,21,1,9,5,9,8,5,8
1330,1,11,0,1,3,1,0,0,0
1331,7,13,0,21,2,16,12,6,14
1332,4,12,0,29,3,22,10,12,9
1333,1,24,0,1,3,1,0,1,0
1334,5,21,3,14,2,8,7,0,7
1335,0,19,1,8,2,7,6,7,3
1336,8,14,3,7,2,2,2,2,2
1337,8,20,1,19,2,5,2,0,4
1338,1,19,1,1,3,1,0,0,0
1339,1,13,0,1,3,1,0,0,0
1340,1,23,0,1,2,1,0,0,0
1341,1,13,1,10,4,10,9,1,7
1342,1,11,1,10,2,10,8,0,2
1343,2,13,3,9,3,5,3,1,0
1344,3,14,0,11,2,3,2,1,2
1345,5,22,1,16,2,5,3,0,4
1346,0,11,0,4,2,3,2,0,2
1347,0,13,2,10,2,9,8,3,8
1348,1,21,0,10,2,10,1,0,8
1349,2,11,1,22,3,19,7,11,16
1350,1,13,1,1,3,1,0,1,0
1351,0,14,0,9,5,8,7,0,7
1352,3,11,1,24,3,22,17,4,7
1353,2,15,1,10,5,2,0,2,2
1354,1,23,1,5,2,5,2,3,0
1355,1,16,0,5,3,4,2,1,0
1356,2,16,2,12,1,4,2,1,3
1357,5,21,1,14,3,5,4,1,4
1358,9,13,1,18,3,13,7,5,7
1359,2,11,1,8,2,5,2,1,4
1360,3,12,0,9,3,4,2,0,1
1361,8,12,1,4,0,2,2,2,2
1362,0,18,1,8,3,7,7,7,7
1363,4,12,0,12,3,4,2,0,3
1364,1,14,0,10,2,10,4,0,9
1365,1,12,1,7,2,7,7,0,7
1366,1,17,0,1,3,1,0,0,0
1367,6,19,1,10,1,3,2,1,2
1368,1,11,1,6,3,5,3,1,2
1369,1,15,0,16,3,15,10,6,11
1370,3,11,0,6,0,2,0,2,2
1371,8,18,1,16,4,8,7,1,7
1372,4,16,1,6,3,0,0,0,0
1373,1,25,1,10,3,10,0,7,9
1374,1,16,1,20,3,20,11,0,7
1375,4,13,1,29,2,1,0,0,0
1376,3,14,0,8,2,4,1,0,3
1377,2,19,2,10,0,5,2,0,3
1378,3,15,0,28,3,5,4,4,3
1379,3,12,2,14,4,0,0,0,0
1380,1,12,0,1,2,1,0,0,0
1381,0,16,1,6,2,5,3,0,4
1382,1,14,0,5,3,5,3,1,4
1383,1,13,1,4,3,4,2,2,3
1384,1,22,0,5,3,5,4,0,2
1385,1,21,0,14,3,14,8,2,1
1386,1,18,1,9,2,8,7,1,1
1387,0,13,0,8,6,7,7,7,6
1388,0,12,1,6,5,5,3,0,2
1389,5,18,1,9,6,5,1,1,2
1390,1,21,0,10,6,10,8,8,7
1391,5,12,1,6,2,4,1,0,3
1392,4,14,0,20,3,1,0,0,0
1393,1,11,0,10,2,10,8,0,9
1394,1,14,0,7,5,7,7,0,7
1395,8,24,0,8,1,1,0,0,0
1396,1,11,0,10,4,10,7,0,8
1397,6,13,0,15,2,2,2,2,2
1398,3,11,2,9,6,4,3,2,3
1399,1,20,3,9,2,9,7,2,8
1400,1,17,1,10,1,10,9,0,9
1401,0,11,1,7,2,6,2,1,2
1402,4,18,1,35,0,10,9,1,4
1403,1,11,3,1,4,1,0,0,0
1404,0,12,0,21,3,20,8,11,10
1405,1,12,0,20,2,20,9,3,7
1406,4,20,1,13,2,11,7,4,8
1407,6,19,0,9,3,5,2,1,4
1408,1,12,0,4,2,4,3,1,2
1409,1,13,0,5,6,5,2,1,4
1410,1,11,1,10,2,10,9,9,4
1411,3,14,1,15,4,11,8,5,10
1412,4,14,0,6,3,2,0,1,2
1413,1,13,0,12,6,12,8,1,7
1414,6,19,1,7,2,2,2,0,2
1415,2,23,0,25,3,17,14,12,11
1416,1,12,3,1,2,1,1,0,0
1417,0,15,2,16,3,15,13,5,8
1418,0,19,1,3,1,2,2,1,2
1419,2,11,1,10,1,8,3,7,7
1420,6,17,1,9,3,4,3,1,2
1421,3,22,1,12,3,5,3,1,0
1422,0,18,2,14,3,13,8,5,12
1423,7,11,1,5,3,2,2,2,2
1424,0,12,0,4,2,3,2,1,2
1425,1,19,0,10,5,10,7,0,8
1426,0,13,1,10,6,9,7,8,1
1427,1,13,0,6,3,6,2,4,1
1428,8,19,2,8,3,1,0,0,0
1429,0,14,1,3,2,2,2,2,2
1430,7,13,0,18,2,7,7,1,7
1431,3,12,1,20,3,18,16,1,11
1432,1,19,2,14,3,14,10,5,7
1433,1,25,1,16,2,16,11,6,8
1434,0,22,1,6,3,5,3,0,4
1435,2,15,2,16,3,9,8,0,0
1436,6,12,0,6,2,4,3,1,2
1437,1,11,0,2,6,2,2,1,2
1438,2,13,0,21,3,6,0,1,3
1439,1,19,1,1,3,1,0,1,0
1440,0,19,2,10,2,9,7,3,4
1441,7,13,3,18,3,4,2,0,2
1442,1,21,1,13,2,13,12,1,9
1443,9,14,3,4,3,2,2,2,2
1444,5,11,0,24,2,22,6,4,14
1445,8,11,1,14,4,10,9,9,8
1446,0,23,1,21,3,20,7,0,10
1447,1,21,2,8,2,8,7,1,7
1448,1,24,1,15,4,15,12,11,11
1449,2,11,1,14,5,5,4,0,4
1450,1,14,0,4,4,4,2,1,2
1451,1,16,0,9,2,9,0,1,7
1452,1,11,1,10,1,10,7,1,9
1453,7,12,2,12,3,6,3,0,1
1454,4,13,1,8,2,6,3,0,0
1455,8,15,0,8,3,5,3,0,1
1456,2,14,0,8,2,2,2,2,2
1457,1,14,2,10,2,10,2,0,2
1458,2,14,3,20,2,5,3,0,2
1459,1,12,1,4,5,4,3,1,1
1460,4,13,1,10,2,4,3,0,3
1461,1,14,0,5,3,5,4,0,4
1462,4,13,1,20,3,3,2,2,0
1463,0,11,1,21,2,20,9,9,6
1464,0,19,0,10,2,9,4,1,7
1465,0,18,0,5,2,4,2,0,0
1466,4,17,1,17,3,5,2,0,3
1467,4,15,1,9,5,7,7,1,7
1468,1,20,1,6,0,6,2,0,3
1469,2,14,0,17,3,9,6,0,8
1470,2,12,0,6,3,4,3,1,2
