Salary_id,hourly_rate,daily_rate,monthly_income,annual_income
1,94,1102,5993,83902
2,61,279,5130,71820
3,92,1373,2090,29260
4,56,1392,2909,40726
5,40,591,3468,48552
6,79,1005,3068,42952
7,81,1324,2670,37380
8,67,1358,2693,37702
9,44,216,9526,133364
10,94,1299,5237,73318
11,84,809,2426,33964
12,49,153,4193,58702
13,31,670,2911,40754
14,93,1346,2661,37254
15,50,103,2028,28392
16,51,1389,9980,139720
17,80,334,3298,46172
18,96,1123,2935,41090
19,78,1219,15427,215978
20,45,371,3944,55216
21,96,673,4011,56154
22,82,1218,3407,47698
23,53,419,11994,167916
24,96,391,1232,17248
25,83,699,2960,41440
26,58,1282,19094,267316
27,72,1125,3919,54866
28,48,691,6825,95550
29,42,477,10248,143472
30,83,705,18947,265258
31,78,924,2496,34944
32,41,1459,6465,90510
33,83,125,2206,30884
34,56,895,2086,29204
35,61,813,2293,32102
36,72,1273,2645,37030
37,86,869,2683,37562
38,97,890,2014,28196
39,82,852,3419,47866
40,42,1141,5376,75264
41,75,464,1951,27314
42,33,1240,2341,32774
43,48,1357,2293,32102
44,37,994,8726,122164
45,58,721,4011,56154
46,49,1360,19545,273630
47,72,1065,4568,63952
48,73,408,3022,42308
49,98,1211,5772,80808
50,36,1229,2269,31766
51,98,626,5381,75334
52,50,1434,3441,48174
53,75,1488,5454,76356
54,79,1097,9884,138376
55,47,1443,4157,58198
56,98,515,13458,188412
57,71,853,9069,126966
58,30,1142,4014,56196
59,48,655,5915,82810
60,51,1115,5993,83902
61,33,427,6162,86268
62,50,653,2406,33684
63,43,989,18740,262360
64,99,1435,7637,106918
65,59,1223,10096,141344
66,33,836,14756,206584
67,95,1195,6499,90986
68,59,1339,9724,136136
69,79,664,2194,30716
70,79,318,3388,47432
71,57,1225,5473,76622
72,76,1328,2703,37842
73,87,1082,2501,35014
74,66,548,6220,87080
75,55,132,3038,42532
76,61,746,4424,61936
77,32,776,4312,60368
78,52,193,13245,185430
79,30,397,13664,191296
80,80,945,5021,70294
81,55,852,5126,71764
82,30,1214,2859,40026
83,70,111,10239,143346
84,79,573,5329,74606
85,94,1153,4325,60550
86,49,1400,7260,101640
87,62,541,2322,32508
88,96,432,2075,29050
89,99,288,4152,58128
90,64,669,9619,134666
91,78,530,13503,189042
92,71,632,5441,76174
93,63,1334,5209,72926
94,40,638,10673,149422
95,87,1093,5010,70140
96,60,1217,13549,189686
97,33,1353,4999,69986
98,43,120,4221,59094
99,37,682,13872,194208
100,67,489,2042,28588
101,63,807,2073,29022
102,71,827,2956,41384
103,66,871,2926,40964
104,41,665,4809,67326
105,100,1040,5163,72282
106,32,1420,18844,263816
107,73,1115,18172,254408
108,46,240,5744,80416
109,64,1280,2889,40446
110,59,534,2871,40194
111,30,1456,7484,104776
112,66,658,6074,85036
113,30,142,17328,242592
114,52,1127,2774,38836
115,45,1031,4505,63070
116,87,1189,7428,103992
117,45,1354,11631,162834
118,92,1467,9738,136332
119,39,922,2835,39690
120,92,394,16959,237426
121,96,1312,2613,36582
122,95,750,6146,86044
123,72,441,4963,69482
124,51,684,19537,273518
125,76,249,6172,86408
126,46,841,2368,33152
127,94,147,10312,144368
128,50,528,1675,23450
129,100,594,2523,35322
130,96,470,6567,91938
131,72,957,4739,66346
132,77,809,9208,128912
133,71,542,4559,63826
134,96,802,8189,114646
135,61,1355,2942,41188
136,84,216,4941,69174
137,53,1150,10650,149100
138,47,1329,5902,82628
139,41,959,8639,120946
140,48,1240,6347,88858
141,41,1033,4200,58800
142,83,1316,3452,48328
143,32,364,4317,60438
144,75,438,2632,36848
145,35,689,4668,65352
146,84,201,3204,44856
147,35,1427,2720,38080
148,91,857,17181,240534
149,94,933,2238,31332
150,79,1181,1483,20762
151,54,1395,5605,78470
152,94,662,7295,102130
153,34,1436,2306,32284
154,60,194,2348,32872
155,43,967,8998,125972
156,41,1496,4319,60466
157,34,1169,6132,85848
158,75,1145,3346,46844
159,67,630,10855,151970
160,75,303,2231,31234
161,80,1256,2323,32522
162,57,691,2024,28336
163,42,440,2713,37982
164,83,334,9439,132146
165,79,1450,2566,35924
166,53,1452,19926,278964
167,56,465,2451,34314
168,41,1339,9419,131866
169,59,702,8686,121604
170,43,120,3038,42532
171,51,1157,3058,42812
172,100,602,2325,32550
173,30,1480,2088,29232
174,66,111,3072,43008
175,30,1268,5006,70084
176,67,713,4257,59598
177,90,134,2500,35000
178,47,303,1102,15428
179,92,526,10453,146342
180,75,1380,2288,32032
181,95,140,3929,55006
182,95,629,2311,32354
183,70,1356,3140,43960
184,86,328,3690,51660
185,57,1084,4450,62300
186,72,931,2756,38584
187,46,989,19033,266462
188,61,692,18722,262108
189,45,1069,9547,133658
190,98,313,13734,192276
191,65,699,19999,279986
192,99,894,2279,31906
193,50,556,5916,82824
194,37,1344,2089,29246
195,65,1195,16792,235088
196,65,290,3564,49896
197,37,138,4425,61950
198,36,926,5265,73710
199,88,1261,6553,91742
200,54,1084,6261,87654
201,60,472,4298,60172
202,92,1002,6804,95256
203,43,878,3815,53410
204,99,905,2741,38374
205,70,1180,6673,93422
206,35,121,7639,106946
207,60,1136,2328,32592
208,73,635,2153,30142
209,63,1151,4876,68264
210,97,644,9396,131544
211,32,1045,10400,145600
212,88,829,8474,118636
213,90,1242,9981,139734
214,81,1469,12490,174860
215,88,1005,2657,37198
216,75,896,13591,190274
217,52,334,6696,93744
218,85,992,2058,28812
219,57,1052,8865,124110
220,52,1147,5940,83160
221,62,1396,5914,82796
222,47,147,2622,36708
223,47,663,12185,170590
224,76,119,10609,148526
225,90,979,4345,60830
226,70,142,2177,30478
227,41,319,2793,39102
228,42,1413,7918,110852
229,92,944,8789,123046
230,86,896,2389,33446
231,89,1323,3212,44968
232,58,532,19232,269248
233,52,818,2267,31738
234,68,854,19517,273238
235,58,813,2436,34104
236,80,1034,16064,224896
237,39,465,2707,37898
238,79,771,19068,266952
239,56,1401,3931,55034
240,62,515,3730,52220
241,96,1431,2232,31248
242,100,976,4465,62510
243,36,1411,3072,43008
244,62,1300,3319,46466
245,70,252,19202,268828
246,73,1327,13675,191450
247,63,832,2911,40754
248,84,470,5957,83398
249,83,1017,3920,54880
250,77,1199,6434,90076
251,61,504,10048,140672
252,64,505,10938,153132
253,60,665,2340,32760
254,82,916,6545,91630
255,45,1247,6931,97034
256,62,685,4898,68572
257,56,269,2593,36302
258,49,1416,19436,272104
259,96,833,2723,38122
260,71,307,3479,48706
261,100,1311,2794,39116
262,39,1327,5249,73486
263,84,128,2176,30464
264,75,488,16872,236208
265,79,529,3485,48790
266,78,1210,6644,93016
267,64,1463,5582,78148
268,85,675,4000,56000
269,79,1385,13496,188944
270,47,1403,3210,44940
271,81,452,19045,266630
272,88,666,11849,165886
273,94,1158,2070,28980
274,98,228,6502,91028
275,100,996,3230,45220
276,80,728,13603,190442
277,71,1315,11996,167944
278,44,322,5605,78470
279,84,1479,6397,89558
280,96,797,19144,268016
281,45,1070,17584,246176
282,99,635,4907,68698
283,44,442,4554,63756
284,37,147,5415,75810
285,60,496,4741,66374
286,42,1372,2115,29610
287,43,920,3161,44254
288,82,688,5745,80430
289,45,1449,2373,33222
290,66,1117,3310,46340
291,35,636,18665,261310
292,30,506,4485,62790
293,84,444,2789,39046
294,48,950,5828,81592
295,53,889,2326,32564
296,77,555,13525,189350
297,54,230,1420,19880
298,96,1232,8020,112280
299,81,566,3688,51632
300,84,1302,5482,76748
301,88,334,16015,224210
302,69,812,1200,16800
303,68,1476,5661,79254
304,100,218,6929,97006
305,48,1132,9613,134582
306,47,1105,5674,79436
307,91,906,5484,76776
308,81,849,12061,168854
309,32,390,5660,79240
310,86,691,4821,67494
311,62,106,6410,89740
312,97,1249,5210,72940
313,32,192,2695,37730
314,74,553,11878,166292
315,99,117,17068,238952
316,33,185,2455,34370
317,90,1091,13964,195496
318,85,723,4941,69174
319,85,1220,2478,34692
320,65,588,5228,73192
321,74,1377,4478,62692
322,73,691,7547,105658
323,74,1018,5055,70770
324,84,1157,3464,48496
325,64,1275,5775,80850
326,48,798,8943,125202
327,54,672,19272,269808
328,41,1162,5238,73332
329,46,508,4682,65548
330,42,1482,18300,256200
331,82,559,5257,73598
332,73,210,6349,88886
333,31,928,4869,68166
334,43,1001,9985,139790
335,75,549,3697,51758
336,57,1124,7457,104398
337,77,318,2119,29666
338,30,738,3983,55762
339,30,570,6118,85652
340,56,1130,6214,86996
341,61,1192,6347,88858
342,92,343,11510,161140
343,39,1232,7143,100002
344,39,144,8268,115752
345,62,1296,8095,113330
346,83,1309,2904,40656
347,95,483,6032,84448
348,99,1309,2976,41664
349,44,810,15992,223888
350,61,746,4649,65086
351,52,544,2696,37744
352,75,1062,2370,33180
353,91,530,12504,175056
354,51,1319,5974,83636
355,85,641,4736,66304
356,57,933,5296,74144
357,98,1332,6781,94934
358,99,756,2174,30436
359,45,845,6653,93142
360,48,541,9699,135786
361,88,593,6755,94570
362,46,1171,2213,30982
363,39,895,2610,36540
364,34,350,2851,39914
365,98,921,3452,48328
366,30,1144,5258,73612
367,56,143,9355,130970
368,100,1046,10496,146944
369,68,575,6380,89320
370,42,408,2657,37198
371,90,156,2716,38024
372,54,1283,2201,30814
373,97,755,6540,91560
374,82,1469,3816,53424
375,92,304,5253,73542
376,31,1261,10965,153510
377,87,1178,4936,69104
378,96,329,2543,35602
379,67,1362,5304,74256
380,97,1311,16659,233226
381,77,1371,4260,59640
382,72,202,2476,34664
383,73,575,3102,43428
384,43,253,2244,31416
385,61,164,7596,106344
386,40,464,2285,31990
387,95,1107,3034,42476
388,46,759,5715,80010
389,95,201,2576,36064
390,49,1305,4197,58758
391,59,982,14336,200704
392,78,555,3448,48272
393,86,821,19406,271684
394,72,1381,6538,91532
395,31,480,4306,60284
396,61,313,2258,31612
397,74,1473,4522,63308
398,99,891,4487,62818
399,72,1063,4449,62286
400,98,329,2218,31052
401,52,1218,19197,268758
402,86,906,13212,184968
403,83,1082,6577,92078
404,49,645,8392,117488
405,79,1300,4558,63812
406,91,688,4031,56434
407,39,319,7969,111566
408,69,192,2654,37156
409,30,1490,16555,231770
410,92,532,4556,63784
411,43,317,6091,85274
412,41,422,19566,273924
413,87,1485,4810,67340
414,88,1368,4523,63322
415,62,1448,3202,44828
416,33,296,2351,32914
417,42,1490,1702,23828
418,79,1398,18041,252574
419,90,1349,2886,40404
420,53,1400,2097,29358
421,93,986,11935,167090
422,71,408,2546,35644
423,52,489,2564,35896
424,69,1398,8412,117768
425,56,210,14118,197652
426,88,1099,17046,238644
427,49,1116,2564,35896
428,80,1499,10266,143724
429,65,983,5070,70980
430,51,1009,17861,250054
431,46,144,4230,59220
432,42,548,3780,52920
433,62,1303,2768,38752
434,94,1125,9071,126994
435,33,1274,10648,149072
436,56,1277,13610,190540
437,38,587,3408,47712
438,57,413,2983,41762
439,72,1276,7632,106848
440,66,534,9824,137536
441,43,988,9950,139300
442,97,1474,2093,29302
443,32,635,9980,139720
444,99,1368,3894,54516
445,37,163,4051,56714
446,83,1117,16835,235690
447,56,267,6230,87220
448,85,619,4717,66038
449,75,302,13237,185318
450,48,443,3755,52570
451,77,828,6582,92148
452,56,319,7406,103684
453,61,561,4805,67270
454,58,426,2741,38374
455,34,232,4262,59668
456,95,922,16184,226576
457,44,688,11557,161798
458,69,1306,1878,26292
459,58,1094,10932,153048
460,62,509,6811,95354
461,45,775,4306,60284
462,80,195,4859,68026
463,74,258,5337,74718
464,66,471,2340,32760
465,59,799,7491,104874
466,86,1034,10527,147378
467,91,1276,16595,232330
468,69,142,8834,123676
469,78,956,5577,78078
470,60,1474,4707,65898
471,38,535,2400,33600
472,76,1495,9824,137536
473,65,446,6447,90258
474,58,1245,19502,273028
475,89,691,2725,38150
476,66,703,6272,87808
477,94,823,2127,29778
478,99,1246,18200,254800
479,40,622,2096,29344
480,55,1287,2886,40404
481,74,448,2033,28462
482,83,254,3622,50708
483,46,1365,4233,59262
484,54,538,3681,51534
485,66,525,5460,76440
486,66,798,2187,30618
487,75,558,9602,134428
488,83,959,2836,39704
489,81,622,4089,57246
490,50,782,16627,232778
491,43,362,2619,36666
492,72,1001,5679,79506
493,40,1236,15402,215628
494,50,1112,5985,83790
495,31,204,2579,36106
496,85,1420,3041,42574
497,49,1343,3447,48258
498,35,1315,19513,273182
499,69,604,2773,38822
500,39,1216,7104,99456
501,92,646,6322,88508
502,71,160,2083,29162
503,34,238,8381,117334
504,42,1397,2691,37674
505,100,306,4286,60004
506,71,991,2659,37226
507,36,482,9434,132076
508,62,1176,5561,77854
509,82,1017,6646,93044
510,30,1296,7725,108150
511,88,397,10725,150150
512,48,913,8847,123858
513,54,1115,2045,28630
514,32,1362,1009,14126
515,70,1076,3348,46872
516,41,727,1281,17934
517,58,885,2819,39466
518,57,810,4851,67914
519,46,243,4028,56392
520,76,806,2720,38080
521,56,817,8120,113680
522,71,1410,4647,65058
523,80,1225,4680,65520
524,74,1207,3221,45094
525,46,1442,8621,120694
526,65,693,4577,64078
527,80,408,4553,63742
528,55,929,5396,75544
529,50,562,6796,95144
530,33,827,7625,106750
531,68,608,7412,103768
532,39,1018,11159,156226
533,42,703,4960,69440
534,48,580,10475,146650
535,59,970,14814,207396
536,73,427,19141,267974
537,84,1179,5405,75670
538,32,294,8793,123102
539,59,314,19189,268646
540,54,316,3875,54250
541,67,654,2216,31024
542,63,427,11713,163982
543,81,168,7861,110054
544,49,381,3708,51912
545,49,217,13770,192780
546,99,501,5304,74256
547,99,1396,2642,36988
548,57,933,2759,38626
549,47,775,6804,95256
550,96,970,6142,85988
551,37,650,2500,35000
552,44,141,6389,89446
553,81,832,11103,155442
554,86,804,2342,32788
555,55,975,6811,95354
556,83,1090,2297,32158
557,86,346,2450,34300
558,61,1225,5093,71302
559,80,430,5309,74326
560,92,268,3057,42798
561,32,167,5121,71694
562,31,621,16856,235984
563,63,527,2686,37604
564,32,883,6180,86520
565,46,954,6632,92848
566,79,310,3505,49070
567,77,719,6397,89558
568,60,304,6274,87836
569,78,725,19859,278026
570,76,1434,7587,106218
571,41,715,4258,59612
572,71,575,4364,61096
573,66,657,4335,60690
574,38,1146,5326,74564
575,72,182,3280,45920
576,95,376,5485,76790
577,84,829,4342,60788
578,82,571,2782,38948
579,75,240,5980,83720
580,86,121,4381,61334
581,72,384,2572,36008
582,38,921,3833,53662
583,38,791,4244,59416
584,93,1111,6500,91000
585,66,570,18430,258020
586,63,1243,1601,22414
587,60,1092,2694,37716
588,82,1325,3149,44086
589,64,691,17639,246946
590,36,805,2319,32466
591,49,213,11691,163674
592,69,118,5324,74536
593,33,202,16752,234528
594,35,676,5228,73192
595,81,1252,2700,37800
596,31,286,19246,269444
597,40,1258,2506,35084
598,43,932,6062,84868
599,46,890,4382,61348
600,36,1041,2143,30002
601,98,859,6162,86268
602,51,720,5094,71316
603,52,946,6877,96278
604,95,252,2274,31836
605,98,933,4434,62076
606,45,471,6288,88032
607,100,702,2553,35742
608,43,1184,7654,107156
609,37,436,5160,72240
610,94,589,17159,240226
611,42,269,12808,179312
612,59,950,10221,143094
613,81,760,4779,66906
614,88,829,3737,52318
615,88,887,2366,33124
616,50,443,1706,23884
617,66,1318,16307,228298
618,50,625,5933,83062
619,65,180,3424,47936
620,48,586,4037,56518
621,53,1343,2559,35826
622,56,928,6201,86814
623,73,117,4403,61642
624,75,1012,3761,52654
625,78,661,10934,153076
626,74,930,10761,150654
627,91,638,5175,72450
628,81,890,13826,193564
629,66,342,6334,88676
630,63,1169,4936,69104
631,33,1230,4775,66850
632,62,986,2818,39452
633,35,1271,2515,35210
634,77,1278,2342,32788
635,98,141,4194,58716
636,66,607,10685,149590
637,96,130,2022,28308
638,61,300,2314,32396
639,87,583,4256,59584
640,36,1418,3580,50120
641,46,1269,3162,44268
642,48,379,6524,91336
643,98,395,2899,40586
644,95,1265,5231,73234
645,48,1222,2356,32984
646,48,341,2800,39200
647,73,868,11836,165704
648,78,672,10903,152642
649,54,1231,2973,41622
650,72,102,14275,199850
651,33,422,5562,77868
652,35,249,4537,63518
653,32,1252,7642,106988
654,98,881,17924,250936
655,42,1383,5204,72856
656,57,1075,2277,31878
657,87,374,2795,39130
658,62,1086,2532,35448
659,61,661,2559,35826
660,98,821,4908,68712
661,57,781,2380,33320
662,55,177,4765,66710
663,49,500,2044,28616
664,65,1427,2693,37702
665,68,1425,6586,92204
666,65,1454,3294,46116
667,34,617,4171,58394
668,57,1085,2778,38892
669,77,995,2377,33278
670,70,1122,2404,33656
671,76,618,2318,32452
672,83,546,2008,28112
673,68,462,6244,87416
674,100,1198,2799,39186
675,37,1272,10552,147728
676,41,154,2329,32606
677,51,1137,4014,56196
678,51,527,7403,103642
679,51,1469,2259,31626
680,45,1188,6932,97048
681,65,188,4678,65492
682,80,1333,13582,190148
683,70,1184,2332,32648
684,36,867,2413,33782
685,67,658,9705,135870
686,52,1283,4294,60116
687,59,263,4721,66094
688,79,938,2519,35266
689,37,419,2121,29694
690,84,129,2973,41622
691,41,616,5855,81970
692,35,1469,3617,50638
693,93,498,6725,94150
694,51,530,10325,144550
695,42,1069,6949,97286
696,46,625,10609,148526
697,57,805,4447,62258
698,84,1404,2157,30198
699,86,1219,4601,64414
700,70,1053,17099,239386
701,51,289,2479,34706
702,45,1376,14852,207928
703,62,231,7264,101696
704,85,152,5666,79324
705,92,882,7823,109522
706,41,903,7880,110320
707,100,1479,13194,184716
708,64,1379,5067,70938
709,84,1229,5079,71106
710,46,335,2321,32494
711,38,722,17444,244216
712,92,906,2404,33656
713,53,461,3452,48328
714,91,974,2270,31780
715,66,1126,17399,243586
716,84,827,5488,76832
717,64,840,19419,271866
718,37,1134,2811,39354
719,42,248,3633,50862
720,83,955,4163,58282
721,48,138,2132,29848
722,95,939,13973,195622
723,66,1391,2684,37576
724,75,566,10845,151830
725,41,1206,4377,61278
726,39,622,3743,52402
727,96,853,4148,58072
728,73,287,1051,14714
729,56,1441,10739,150346
730,57,583,10388,145432
731,73,153,11416,159824
732,98,1097,2600,36400
733,60,109,2422,33908
734,32,1066,5472,76608
735,94,217,2451,34314
736,97,277,4240,59360
737,78,1355,10999,153986
738,42,549,5003,70042
739,65,466,12742,178388
740,47,1055,4227,59178
741,45,802,3917,54838
742,90,265,18303,256242
743,64,804,2380,33320
744,69,715,13726,192164
745,61,1141,4777,66878
746,62,135,6385,89390
747,55,247,19973,279622
748,42,1035,6861,96054
749,79,265,4969,69566
750,57,266,19845,277830
751,53,1448,13320,186480
752,95,145,6347,88858
753,43,885,2743,38402
754,82,945,10880,152320
755,88,1038,2342,32788
756,90,1234,17650,247100
757,69,1109,4025,56350
758,75,216,9725,136150
759,66,1089,11904,166656
760,36,788,2177,30478
761,38,124,7525,105350
762,81,660,4834,67676
763,57,342,2042,28588
764,87,1333,2220,31080
765,74,1144,1052,14728
766,44,1186,2821,39494
767,62,1464,19237,269318
768,35,124,4107,57498
769,74,300,8396,117544
770,66,921,2007,28098
771,40,430,19627,274778
772,41,1082,10686,149604
773,63,1240,2942,41188
774,51,796,8858,124012
775,40,444,16756,234584
776,79,415,10798,151172
777,54,769,2323,32522
778,36,1334,1416,19824
779,74,1003,4615,64610
780,34,1323,2461,34454
781,72,1366,8722,122108
782,59,192,3955,55370
783,85,1176,9957,139398
784,43,509,3376,47264
785,65,330,8823,123522
786,61,1492,10322,144508
787,87,1277,4621,64694
788,65,1091,10976,153664
789,59,857,3660,51240
790,91,1376,10482,146748
791,34,654,7119,99666
792,86,1204,9582,134148
793,54,827,4508,63112
794,50,895,2207,30898
795,45,618,7756,108584
796,88,309,6694,93716
797,32,1219,3691,51674
798,37,1330,2377,33278
799,55,1017,2313,32382
800,35,469,17665,247310
801,45,1009,2596,36344
802,81,959,4728,66192
803,30,970,4302,60228
804,40,697,2979,41706
805,35,1262,16885,236390
806,65,1050,5593,78302
807,87,994,10445,146230
808,73,770,8740,122360
809,93,1107,2514,35196
810,93,950,7655,107170
811,52,406,17465,244510
812,32,130,7351,102914
813,83,1082,10820,151480
814,84,203,12169,170366
815,44,1308,19626,274764
816,70,984,2070,28980
817,70,439,6782,94948
818,78,217,7779,108906
819,67,793,2791,39074
820,67,1451,3201,44814
821,54,1182,4968,69552
822,56,174,13120,183680
823,95,1003,4033,56462
824,61,490,3291,46074
825,56,188,4272,59808
826,79,718,5056,70784
827,37,433,2844,39816
828,39,773,2703,37842
829,80,247,1904,26656
830,77,603,8224,115136
831,46,167,4766,66724
832,72,874,2610,36540
833,52,367,5731,80234
834,55,199,2539,35546
835,70,1400,5714,79996
836,100,528,4323,60522
837,45,408,7336,102704
838,88,593,13499,188986
839,44,481,13758,192612
840,45,647,5155,72170
841,58,982,2258,31612
842,49,477,3597,50358
843,79,1485,2515,35210
844,82,1384,4420,61880
845,72,852,6578,92092
846,92,902,4422,61908
847,44,819,10274,143836
848,97,669,5343,74802
849,47,636,2376,33264
850,85,1372,5346,74844
851,76,862,2827,39578
852,92,718,19943,279202
853,54,1401,3131,43834
854,54,645,2552,35728
855,83,1457,4477,62678
856,56,977,6474,90636
857,87,805,3033,42462
858,96,1097,2936,41104
859,50,1223,18606,260484
860,69,942,2168,30352
861,48,1256,2853,39942
862,69,1402,17048,238672
863,74,111,2290,32060
864,99,147,3600,50400
865,95,906,2107,29498
866,61,1329,4115,57610
867,62,1184,4327,60578
868,30,1421,17856,249984
869,78,1179,3196,44744
870,52,1450,19081,267134
871,94,1361,8966,125524
872,97,984,2210,30940
873,82,1146,4539,63546
874,60,917,2741,38374
875,49,853,3491,48874
876,32,200,4541,63574
877,43,654,2678,37492
878,60,150,7379,103306
879,79,179,6272,87808
880,52,696,5220,73080
881,77,116,2743,38402
882,38,1316,4998,69972
883,77,363,10252,143528
884,60,117,2781,38934
885,84,107,6852,95928
886,57,1356,4950,69300
887,63,1465,3579,50106
888,60,458,13191,184674
889,78,1212,10377,145278
890,42,1103,2235,31290
891,53,966,10502,147028
892,72,1117,2011,28154
893,96,504,1859,26026
894,97,1010,3760,52640
895,85,685,17779,248906
896,80,1332,6833,95662
897,96,1062,6812,95368
898,48,326,5171,72394
899,96,920,19740,276360
900,85,1098,18711,261954
901,46,469,3692,51688
902,76,969,2559,35826
903,76,1167,2517,35238
904,82,1329,6623,92722
905,76,715,18265,255710
906,87,694,16124,225736
907,89,1320,2585,36190
908,88,1099,18213,254982
909,82,536,8380,117320
910,57,265,2994,41916
911,47,373,1223,17122
912,73,599,1118,15652
913,53,583,2875,40250
914,94,1449,18824,263536
915,37,177,13577,190078
916,45,251,2625,36750
917,33,168,18789,263046
918,86,131,4538,63532
919,83,237,19847,277858
920,67,1429,10512,147168
921,46,135,4444,62216
922,44,791,2154,30156
923,92,1199,19190,268660
924,56,648,4490,62860
925,66,735,3506,49084
926,78,603,2372,33208
927,56,531,10231,143234
928,53,429,5410,75740
929,73,621,7978,111692
930,52,193,3867,54138
931,40,968,2838,39732
932,72,879,4695,65730
933,39,806,3339,46746
934,84,640,2080,29120
935,40,266,2096,29344
936,56,604,6209,86926
937,83,364,18061,252854
938,94,412,17123,239722
939,88,848,2372,33208
940,79,1089,4883,68362
941,93,360,3904,54656
942,48,1138,4627,64778
943,63,325,7094,99316
944,44,991,3423,47922
945,55,1476,6674,93436
946,43,1322,16880,236320
947,57,299,9094,127316
948,64,1030,8446,118244
949,95,634,11916,166824
950,32,524,4534,63476
951,57,587,9852,137928
952,40,256,6151,86114
953,54,1060,2302,32228
954,89,935,2362,33068
955,37,495,17861,250054
956,58,282,19187,268618
957,99,206,19717,276038
958,74,458,3544,49616
959,86,943,8500,119000
960,98,523,4661,65254
961,66,1018,4103,57442
962,87,482,4249,59486
963,84,770,14026,196364
964,31,1009,6893,96502
965,66,507,6125,85750
966,67,882,3669,51366
967,53,601,10008,140112
968,88,329,2387,33418
969,83,607,4639,64946
970,54,855,7898,110572
971,98,1291,2534,35476
972,82,1405,13142,183988
973,97,1124,1611,22554
974,60,817,5363,75082
975,43,793,5071,70994
976,85,267,13695,191730
977,68,1369,13402,187628
978,92,999,2029,28406
979,89,1202,6377,89278
980,86,285,5429,76006
981,90,703,2785,38990
982,67,662,4614,64596
983,57,693,2610,36540
984,98,404,6687,93618
985,48,736,4724,66136
986,98,330,6179,86506
987,44,1498,6120,85680
988,52,541,10596,148344
989,75,1200,5467,76538
990,54,1439,2996,41944
991,61,1111,9998,139972
992,36,499,4078,57092
993,71,1485,10920,152880
994,93,1372,6232,87248
995,59,322,13247,185458
996,73,930,4081,57134
997,98,205,5769,80766
998,51,135,2394,33516
999,36,683,3904,54656
1000,31,1147,16799,235186
1001,54,258,2950,41300
1002,94,1462,3629,50806
1003,60,200,9362,131068
1004,81,949,3229,45206
1005,100,652,3578,50092
1006,51,332,7988,111832
1007,97,1475,4284,59976
1008,84,337,7553,105742
1009,54,971,17328,242592
1010,76,1055,19701,275814
1011,81,1136,14732,206248
1012,99,1174,9278,129892
1013,50,667,1359,19026
1014,73,855,4779,66906
1015,93,182,16422,229908
1016,91,560,2996,41944
1017,34,202,1261,17654
1018,91,1377,2099,29386
1019,37,172,5810,81340
1020,98,329,5647,79058
1021,74,465,3420,47880
1022,68,383,4400,61600
1023,84,1413,3500,49000
1024,90,1255,2066,28924
1025,82,359,17169,240366
1026,42,1476,4162,58268
1027,97,601,9204,128856
1028,86,401,3294,46116
1029,90,1283,2127,29778
1030,81,663,3975,55650
1031,31,326,10793,151102
1032,52,377,10096,141344
1033,54,592,3646,51044
1034,100,1445,7446,104244
1035,95,1038,10851,151914
1036,96,1398,2109,29526
1037,94,523,3722,52108
1038,55,1448,9380,131320
1039,96,1221,5486,76804
1040,52,1107,2742,38388
1041,55,218,13757,192598
1042,84,866,8463,118482
1043,90,981,3162,44268
1044,39,447,16598,232372
1045,96,1495,6651,93114
1046,68,896,2345,32830
1047,49,1467,3420,47880
1048,54,430,4373,61222
1049,81,1326,4759,66626
1050,96,1358,5301,74214
1051,74,748,3673,51422
1052,79,383,4768,66752
1053,64,990,1274,17836
1054,93,405,4900,68600
1055,35,1490,10466,146524
1056,71,829,17007,238098
1057,92,1496,2909,40726
1058,51,115,5765,80710
1059,40,790,4599,64386
1060,76,660,2404,33656
1061,89,381,3172,44408
1062,78,830,2033,28462
1063,86,1193,10209,142926
1064,77,1246,8620,120680
1065,46,330,2064,28896
1066,30,1229,4035,56490
1067,82,1099,3838,53732
1068,78,571,4591,64274
1069,38,289,2561,35854
1070,72,1423,1563,21882
1071,55,467,4898,68572
1072,43,271,4789,67046
1073,97,410,3180,44520
1074,96,1083,6549,91686
1075,69,516,6388,89432
1076,64,495,11244,157416
1077,87,1050,16032,224448
1078,100,224,2362,33068
1079,32,136,16328,228592
1080,32,1089,8376,117264
1081,51,228,16606,232484
1082,91,1029,8606,120484
1083,97,507,2272,31808
1084,86,676,2018,28252
1085,64,971,7083,99162
1086,33,561,4084,57176
1087,88,333,14411,201754
1088,55,1440,2308,32312
1089,68,1210,4841,67774
1090,47,674,4285,59990
1091,39,441,9715,136010
1092,44,575,4320,60480
1093,97,950,2132,29848
1094,40,288,10124,141736
1095,47,1342,5473,76622
1096,79,589,5207,72898
1097,38,898,16437,230118
1098,57,350,2296,32144
1099,72,1142,4069,56966
1100,66,538,7441,104174
1101,98,1402,2430,34020
1102,67,824,5878,82292
1103,70,1157,2644,37016
1104,96,492,6439,90146
1105,91,598,2451,34314
1106,46,1242,6392,89488
1107,64,740,9714,135996
1108,71,888,6077,85078
1109,68,992,2450,34300
1110,33,1288,9250,129500
1111,69,104,2074,29036
1112,78,607,10169,142366
1113,81,903,4855,67970
1114,62,1200,4087,57218
1115,65,1108,2367,33138
1116,35,479,2972,41608
1117,60,685,19586,274204
1118,45,1351,5484,76776
1119,89,474,2061,28854
1120,80,1245,9924,138936
1121,90,437,4198,58772
1122,73,884,6815,95410
1123,87,1370,4723,66122
1124,51,670,6142,85988
1125,38,1462,8237,115318
1126,87,995,8853,123942
1127,59,264,19331,270634
1128,45,977,2073,29022
1129,80,1302,5562,77868
1130,93,1059,19613,274582
1131,46,750,3407,47698
1132,92,653,5063,70882
1133,84,118,4639,64946
1134,87,990,4876,68264
1135,63,1349,2690,37660
1136,56,563,17567,245938
1137,51,329,2408,33712
1138,85,457,2814,39396
1139,41,1234,11245,157430
1140,35,634,3312,46368
1141,31,1313,19049,266686
1142,48,241,2141,29974
1143,50,1015,5769,80766
1144,52,336,4385,61390
1145,54,715,5332,74648
1146,76,559,4663,65282
1147,42,426,4724,66136
1148,84,722,3211,44954
1149,76,1387,5377,75278
1150,67,1302,4066,56924
1151,48,819,5208,72912
1152,39,580,4877,68278
1153,97,546,3117,43638
1154,70,544,1569,21966
1155,98,1176,19658,275212
1156,76,170,3069,42966
1157,80,884,10435,146090
1158,52,208,4148,58072
1159,85,671,5768,80752
1160,81,711,5042,70588
1161,59,1329,5770,80780
1162,54,397,7756,108584
1163,55,737,10306,144284
1164,71,1470,3936,55104
1165,84,448,7945,111230
1166,37,602,5743,80402
1167,89,365,15202,212828
1168,59,763,5440,76160
1169,32,567,3760,52640
1170,86,486,3517,49238
1171,87,591,2580,36120
1172,73,1329,2166,30324
1173,42,469,5869,82166
1174,42,711,8008,112112
1175,77,772,5206,72884
1176,66,492,5295,74130
1177,72,301,16413,229782
1178,50,813,13269,185766
1179,31,1141,2783,38962
1180,66,1130,5433,76062
1181,77,311,2013,28182
1182,41,465,13966,195524
1183,33,894,4374,61236
1184,79,1040,6842,95788
1185,91,584,17426,243964
1186,65,1291,17603,246442
1187,36,880,4581,64134
1188,90,1189,4735,66290
1189,43,991,4187,58618
1190,93,392,5505,77070
1191,45,977,5470,76580
1192,67,1112,5476,76664
1193,74,464,2587,36218
1194,42,148,2440,34160
1195,47,1225,15972,223608
1196,36,809,15379,215306
1197,80,1206,7082,99148
1198,54,727,2728,38192
1199,36,530,5368,75152
1200,80,1351,5347,74858
1201,44,528,3195,44730
1202,93,1320,3989,55846
1203,87,1495,3306,46284
1204,48,1395,7005,98070
1205,95,708,2655,37170
1206,95,1259,1393,19502
1207,76,786,2570,35980
1208,94,1441,3537,49518
1209,57,1157,3986,55804
1210,92,370,10883,152362
1211,79,267,2028,28392
1212,31,1278,9525,133350
1213,35,678,2929,41006
1214,99,427,2275,31850
1215,96,921,7879,110306
1216,79,146,4930,69020
1217,73,1179,7847,109858
1218,62,581,4401,61614
1219,35,918,9241,129374
1220,43,1082,2974,41636
1221,51,530,4502,63028
1222,74,1238,10748,150472
1223,58,240,1555,21770
1224,82,1093,12936,181104
1225,62,390,2305,32270
1226,48,1005,16704,233856
1227,56,585,3433,48062
1228,69,741,3477,48678
1229,60,552,6430,90020
1230,92,369,6516,91224
1231,91,506,3907,54698
1232,34,717,5562,77868
1233,49,1370,6883,96362
1234,33,793,2862,40068
1235,87,543,4978,69692
1236,74,1277,10368,145152
1237,96,1456,6134,85876
1238,34,964,6735,94290
1239,51,160,3295,46130
1240,30,163,5238,73332
1241,77,792,6472,90608
1242,80,371,9610,134540
1243,88,611,19833,277662
1244,56,176,9756,136584
1245,78,1312,4968,69552
1246,59,897,2145,30030
1247,66,600,2180,30520
1248,51,1003,8346,116844
1249,67,1054,3445,48230
1250,52,428,2760,38640
1251,70,461,6294,88116
1252,94,979,7140,99960
1253,97,181,2932,41048
1254,62,1283,5147,72058
1255,80,1313,4507,63098
1256,74,211,8564,119896
1257,75,594,2468,34552
1258,70,1079,8161,114254
1259,91,590,2109,29526
1260,58,305,5294,74116
1261,65,953,2718,38052
1262,60,833,5811,81354
1263,38,807,2437,34118
1264,57,855,2766,38724
1265,60,478,19038,266532
1266,90,775,3055,42770
1267,94,548,2289,32046
1268,87,1375,4001,56014
1269,60,661,12965,181510
1270,97,244,3539,49546
1271,32,511,6029,84406
1272,31,337,2679,37506
1273,40,1153,3702,51828
1274,79,1294,2398,33572
1275,91,196,5468,76552
1276,53,942,13116,183624
1277,46,589,4189,58646
1278,46,734,19328,270592
1279,90,1383,8321,116494
1280,99,429,2342,32788
1281,89,1239,4071,56994
1282,84,303,5813,81382
1283,90,867,3143,44002
1284,82,1181,2044,28616
1285,65,1253,13464,188496
1286,98,849,7991,111874
1287,99,616,3377,47278
1288,95,1128,5538,77532
1289,90,1180,5762,80668
1290,100,1336,2592,36288
1291,93,234,5346,74844
1292,58,370,4213,58982
1293,83,766,4127,57778
1294,52,343,2438,34132
1295,85,447,6870,96180
1296,81,796,10447,146258
1297,64,1092,9667,135338
1298,69,920,2148,30072
1299,66,261,8926,124964
1300,52,1194,6513,91182
1301,92,810,6799,95186
1302,52,350,16291,228074
1303,91,185,2705,37870
1304,92,1001,10333,144662
1305,47,750,4448,62272
1306,68,431,6854,95956
1307,68,1125,9637,134918
1308,67,1217,3591,50274
1309,77,723,5405,75670
1310,46,572,4684,65576
1311,87,1216,15787,221018
1312,33,1431,1514,21196
1313,89,359,2956,41384
1314,56,350,2335,32690
1315,67,589,5154,72156
1316,73,430,6962,97468
1317,92,1422,5675,79450
1318,53,1297,2379,33306
1319,40,574,3812,53368
1320,79,1318,4648,65072
1321,38,355,2936,41104
1322,64,207,2105,29470
1323,82,706,8578,120092
1324,43,280,2706,37884
1325,93,726,6384,89376
1326,81,1142,3968,55552
1327,82,414,9907,138698
1328,45,1319,13225,185150
1329,36,728,3540,49560
1330,87,352,2804,39256
1331,81,823,19392,271488
1332,91,1224,19665,275310
1333,73,459,2439,34146
1334,64,1254,7314,102396
1335,77,1131,4774,66836
1336,41,835,3902,54628
1337,98,836,2662,37268
1338,78,1172,2856,39984
1339,89,945,1081,15134
1340,75,391,2472,34608
1341,63,1266,5673,79422
1342,89,311,4197,58758
1343,64,1480,9713,135982
1344,59,592,2062,28868
1345,78,783,4284,59976
1346,44,219,4788,67032
1347,93,556,5906,82684
1348,94,1213,3886,54404
1349,98,1137,16823,235522
1350,90,482,2933,41062
1351,89,511,6500,91000
1352,58,117,17174,240436
1353,78,170,5033,70462
1354,85,967,2307,32298
1355,97,1162,2587,36218
1356,33,335,5507,77098
1357,54,337,4393,61502
1358,83,1396,13348,186872
1359,86,1079,6583,92162
1360,75,735,8103,113442
1361,62,471,3978,55692
1362,61,1096,2544,35616
1363,44,1297,5399,75586
1364,43,217,5487,76818
1365,42,783,6834,95676
1366,45,746,1091,15274
1367,32,1251,5736,80304
1368,41,1354,2226,31164
1369,86,735,5747,80458
1370,84,1475,9854,137956
1371,64,1169,5467,76538
1372,89,1443,5380,75320
1373,87,867,5151,72114
1374,58,1394,2133,29862
1375,72,605,17875,250250
1376,47,238,2432,34048
1377,71,1206,4771,66794
1378,42,1064,19161,268254
1379,77,419,5087,71218
1380,58,1337,2863,40082
1381,71,682,5561,77854
1382,49,1103,2144,30016
1383,48,976,3065,42910
1384,66,1351,2810,39340
1385,32,937,9888,138432
1386,39,1239,8628,120792
1387,95,157,2867,40138
1388,89,136,5373,75222
1389,34,1146,6667,93338
1390,48,1125,5003,70042
1391,32,1404,2367,33138
1392,59,1404,2858,40012
1393,55,1224,5204,72856
1394,44,954,4105,57470
1395,56,1373,9679,135506
1396,63,754,5617,78638
1397,66,1168,10448,146272
1398,67,155,2897,40558
1399,36,1303,5968,83552
1400,30,574,7510,105140
1401,88,1444,2991,41874
1402,71,189,19636,274904
1403,59,1276,1129,15806
1404,77,119,13341,186774
1405,37,335,4332,60648
1406,40,697,11031,154434
1407,77,157,4440,62160
1408,45,771,4617,64638
1409,78,571,2647,37058
1410,73,692,6323,88522
1411,92,444,5677,79478
1412,82,309,2187,30618
1413,76,911,3748,52472
1414,57,977,3977,55678
1415,84,1180,8633,120862
1416,59,1313,2008,28112
1417,86,1321,4440,62160
1418,54,1154,3067,42938
1419,72,508,5321,74494
1420,35,557,5410,75740
1421,76,642,2782,38948
1422,98,1162,11957,167398
1423,43,1490,2660,37240
1424,63,581,3375,47250
1425,48,1395,5098,71372
1426,95,501,4878,68292
1427,49,267,2837,39718
1428,83,543,2406,33684
1429,68,234,2269,31766
1430,52,116,4108,57512
1431,99,201,13206,184884
1432,48,801,10422,145908
1433,42,161,13744,192416
1434,85,1382,4907,68698
1435,40,585,3482,48748
1436,42,1037,2436,34104
1437,58,501,2380,33320
1438,87,105,19431,272034
1439,33,638,1790,25060
1440,94,557,7644,107016
1441,97,688,5131,71834
1442,57,667,6306,88284
1443,36,1092,4787,67018
1444,56,300,18880,264320
1445,72,310,2339,32746
1446,60,582,13570,189980
1447,95,704,6712,93968
1448,88,301,5406,75684
1449,57,930,8938,125132
1450,78,529,2439,34146
1451,31,1146,8837,123718
1452,100,345,5343,74802
1453,94,878,6728,94192
1454,100,1120,6652,93128
1455,50,374,4850,67900
1456,52,1322,2809,39326
1457,80,1199,5689,79646
1458,98,1194,2001,28014
1459,62,287,2977,41678
1460,46,1378,4025,56350
1461,73,468,3785,52990
1462,39,410,10854,151956
1463,60,722,12031,168434
1464,74,325,9936,139104
1465,30,1167,2966,41524
1466,41,884,2571,35994
1467,42,613,9991,139874
1468,87,155,6142,85988
1469,63,1023,5390,75460
1470,82,628,4404,61656
